,website,name,address
0,https://www.apartments.com/novel-rino-by-crescent-communities-denver-co/wy45smh/,NOVEL RiNo by Crescent Communities,"1350 40th St, Denver, CO 80205"
1,https://www.apartments.com/revive-at-9-mile-station-denver-co/605223t/,Revive At 9 Mile Station,"10700 E Dartmouth Ave, Denver, CO 80014"
2,https://www.apartments.com/39-north-denver-co/w2bnwdl/,39 North,"10225 E Girard Ave, Denver, CO 80231"
3,https://www.apartments.com/mosaic-denver-co/s1bvqt5/,Mosaic,"6900-7100 E Evans Ave, Denver, CO 80224"
4,https://www.apartments.com/advenir-at-bear-valley-denver-co/7x6d1dx/,Advenir at Bear Valley,"3550 S Kendall St, Denver, CO 80235"
5,https://www.apartments.com/strata-denver-co/9hrk8x7/,Strata,"16505 Green Valley Ranch Blvd, Denver, CO 80239"
6,https://www.apartments.com/20th-street-station-apartments-denver-co/e2bp85m/,20th Street Station Apartments,"2080 California St, Denver, CO 80205"
7,https://www.apartments.com/deco-apartments-denver-co/mwyf86h/,Deco Apartments,"2180 S Colorado Blvd, Denver, CO 80222"
8,https://www.apartments.com/cirrus-denver-co/9nw63e7/,Cirrus,"1590 Grove St, Denver, CO 80204"
9,https://www.apartments.com/ava-rino-denver-co/2hh9118/,AVA RiNo,"2600 Lawrence St, Denver, CO 80205"
10,https://www.apartments.com/green-leaf-jayne-denver-co/sqchj86/,Green Leaf Jayne,"360 Acoma St, Denver, CO 80223"
11,https://www.apartments.com/x-denver-2-denver-co/x9khxkm/,X Denver 2,"2130 Arapahoe St, Denver, CO 80205"
12,https://www.apartments.com/alloy-sunnyside-denver-co/d6dnt7h/,Alloy Sunnyside,"4150 Jason St, Denver, CO 80211"
13,https://www.apartments.com/avalon-governors-park-denver-co/6lzl0pv/,Avalon Governors Park,"696 N Sherman St, Denver, CO 80203"
14,https://www.apartments.com/maa-milepost-35-denver-co/t1pv619/,MAA Milepost 35,"4692 N Beeler Ct, Denver, CO 80238"
15,https://www.apartments.com/3000-huron-denver-co/cbyp0dd/,3000 Huron St,"3000 Huron St, Denver, CO 80202"
16,https://www.apartments.com/the-deveraux-denver-co/ng8qbxp/,The Deveraux,"2950 Arkins Ct, Denver, CO 80216"
17,https://www.apartments.com/skyline-at-highlands-denver-co/sk399z5/,Skyline at Highlands,"2501 W 26th Ave, Denver, CO 80211"
18,https://www.apartments.com/the-penrose-denver-co/mhvlx5l/,The Penrose,"3595 Wynkoop St, Denver, CO 80216"
19,https://www.apartments.com/ascend-at-pena-station-denver-co/9h6s4q5/,Ascend at Pena Station,"18591 E 61st Ave, Denver, CO 80249"
20,https://www.apartments.com/sabine-denver-co/ny6p1fp/,Sabine,"18490 E 51st Ave, Denver, CO 80249"
21,https://www.apartments.com/sorella-denver-co/4fg7t1h/,Sorella,"3000 W Bates Ave, Denver, CO 80236"
22,https://www.apartments.com/enso-zen-apartments-denver-co/gqlrc0w/,Enso Zen Apartments,"5256 N Federal Blvd, Denver, CO 80221"
23,https://www.apartments.com/marlon-at-central-park-denver-co/ptrypht/,MARLON AT CENTRAL PARK,"4607 Xenia St, Denver, CO 80238"
24,https://www.apartments.com/ivy-crossing-apartments-denver-co/bnj5w78/,Ivy Crossing Apartments,"2470 S Quebec St, Denver, CO 80231"
25,https://www.apartments.com/the-harper-denver-co/1m34916/,The Harper,"8680 E Alameda Ave, Denver, CO 80247"
26,https://www.apartments.com/cedar-run-denver-co/gxy6sdz/,Cedar Run,"888-888 S Oneida St, Denver, CO 80224"
27,https://www.apartments.com/21-fitzsimons-aurora-co/cwkf8xe/,21 Fitzsimons,"2100 N Ursula St, Aurora, CO 80045"
28,https://www.apartments.com/the-fremont-aurora-co/zdmvcbx/,The Fremont,"13021 E 21st Ave, Aurora, CO 80045"
29,https://www.apartments.com/sequel-apartments-englewood-co/8sdf6p1/,Sequel Apartments,"3021 S Galapago St, Englewood, CO 80110"
30,https://www.apartments.com/claro-at-high-point-aurora-co/hz5zsg2/,Claro at High Point,"19151 E 65th Ave, Aurora, CO 80019"
31,https://www.apartments.com/hunters-run-denver-co/36dl9ge/,Hunter's Run,"7777 E Yale Ave, Denver, CO 80231"
32,https://www.apartments.com/parliament-apartments-denver-co/e51k42p/,Parliament Apartments,"4363 S Quebec St, Denver, CO 80237"
33,https://www.apartments.com/7575-town-center-denver-co/6tqsctt/,7575 Town Center,"7301-7575 EAST 29TH AVENUE, Denver, CO 80238"
34,https://www.apartments.com/midtown-garden-denver-co/tt0x7tc/,Midtown Garden,"7121-7141 Samuel Dr, Denver, CO 80221"
35,https://www.apartments.com/deerfield-at-indian-creek-denver-co/m5qxv2j/,Deerfield At Indian Creek,"1771 S Quebec Way, Denver, CO 80231"
36,https://www.apartments.com/renew-on-stout-denver-co/1g6yhb7/,ReNew on Stout,"1531 Stout St, Denver, CO 80202"
37,https://www.apartments.com/the-aster-conservatory-green-denver-co/r5cegr3/,The Aster Conservatory Green,"9095 E 47th Ave, Denver, CO 80238"
38,https://www.apartments.com/m2-denver-co/7407ljz/,M2,"4560 S Balsam Way, Denver, CO 80123"
39,https://www.apartments.com/colab-denver-co/4cwbtrl/,CoLab,"1493 Osage St, Denver, CO 80204"
40,https://www.apartments.com/mile-44-apartments-denver-co/jd9z587/,MILE 44 Apartments,"8375 E Yale Ave, Denver, CO 80231"
41,https://www.apartments.com/one-observatory-park-denver-co/c8kk2lf/,One Observatory Park,"2100-2130 S University Blvd, Denver, CO 80210"
42,https://www.apartments.com/creekside-denver-co/eql6k3n/,Creekside,"5250 E Cherry Creek South Dr, Denver, CO 80246"
43,https://www.apartments.com/imt-at-city-park-denver-co/3r170he/,IMT At City Park,"1600 Fillmore St, Denver, CO 80206"
44,https://www.apartments.com/uptown-square-apartment-homes-denver-co/z0pdkjy/,Uptown Square Apartment Homes,"1950 N Pennsylvania St, Denver, CO 80203"
45,https://www.apartments.com/parkfield-apartment-homes-denver-co/bh1gem9/,Parkfield Apartment Homes,"16199 E Green Valley Ranch Blvd, Denver, CO 80239"
46,https://www.apartments.com/the-modern-apartments-denver-co/hk7f1n2/,The Modern Apartments,"6301 W Hampden Ave, Denver, CO 80227"
47,https://www.apartments.com/diamond-at-prospect-denver-co/2wexzxc/,Diamond at Prospect,"3001 Fox St, Denver, CO 80202"
48,https://www.apartments.com/the-douglas-apartments-denver-co/0kg5fr0/,The Douglas Apartments,"2300 Walnut St, Denver, CO 80205"
49,https://www.apartments.com/gateway-park-denver-co/0rpylb2/,Gateway Park,"4255 Kittredge St, Denver, CO 80239"
50,https://www.apartments.com/arrive-800-penn-denver-co/r6d45l0/,Arrive 800 Penn,"800 Pennsylvania St, Denver, CO 80203"
51,https://www.apartments.com/park-hill-4000-denver-co/xn7rhpn/,Park Hill 4000,"4000 N Albion St, Denver, CO 80216"
52,https://www.apartments.com/skyline-1801-denver-co/egf12qq/,Skyline 1801,"1801-1835 Arapahoe St, Denver, CO 80202"
53,https://www.apartments.com/imt-lowry-denver-co/241p9y8/,IMT Lowry,"8155 E Fairmount Dr, Denver, CO 80230"
54,https://www.apartments.com/cortland-alameda-station-denver-co/6cvryrt/,Cortland Alameda Station,"415 S Cherokee St, Denver, CO 80223"
55,https://www.apartments.com/velo-apartments-denver-co/324cpme/,Velo Apartments,"3481 S Fenton St, Denver, CO 80227"
56,https://www.apartments.com/griffis-platform-union-station-denver-co/n7dckep/,Griffis Platform Union Station,"1650 Wewatta St, Denver, CO 80202"
57,https://www.apartments.com/amli-cherry-creek-denver-co/lhjxy5d/,AMLI Cherry Creek,"801 S Cherry St, Denver, CO 80246"
58,https://www.apartments.com/country-club-towers-denver-co/lkqkyjd/,Country Club Towers,"1101 E Bayaud Ave, Denver, CO 80209"
59,https://www.apartments.com/auraria-student-lofts-denver-co/ystyxxs/,Auraria Student Lofts,"1051 14th St, Denver, CO 80202"
60,https://www.apartments.com/coda-denver-co/3mqxske/,Coda,"100 Steele St, Denver, CO 80206"
61,https://www.apartments.com/the-collective-glendale-denver-co/ntey7wp/,The Collective Glendale,"1250 S Clermont St, Denver, CO 80246"
62,https://www.apartments.com/3300-tamarac-apartments-denver-co/4fk3ebj/,3300 Tamarac Apartments,"3300 S Tamarac Dr, Denver, CO 80231"
63,https://www.apartments.com/loretto-heights-denver-co/qkgj2ry/,Loretto Heights,"3400 S Lowell Blvd, Denver, CO 80236"
64,https://www.apartments.com/residences-at-market-station-denver-co/l4p87ld/,Residences at Market Station,"1661 Market St, Denver, CO 80202"
65,https://www.apartments.com/the-den-denver-co/1yfrzc4/,The Den,"6950 E Chenango Ave, Denver, CO 80237"
66,https://www.apartments.com/willow-point-townhomes-denver-co/eklt7pm/,Willow Point Townhomes,"8500 E Mississippi Ave, Denver, CO 80247"
67,https://www.apartments.com/amli-riverfront-green-denver-co/dj4s0xj/,AMLI Riverfront Green,"1750 Little Raven St, Denver, CO 80202"
68,https://www.apartments.com/the-clermont-denver-co/695dmzr/,The Clermont,"1515 Clermont St, Denver, CO 80220"
69,https://www.apartments.com/the-pullman-denver-co/5mbclzn/,The Pullman,"1959 Wewatta St, Denver, CO 80202"
70,https://www.apartments.com/arapahoe-square-apartments-denver-co/r1fegc0/,Arapahoe Square Apartments,"550 Park Ave W, Denver, CO 80205"
71,https://www.apartments.com/amli-rino-denver-co/y10scdt/,AMLI RiNo,"3355 Denargo St, Denver, CO 80216"
72,https://www.apartments.com/encore-at-boulevard-one-denver-co/tm8e65c/,Encore at Boulevard One,"7108 E Lowry Blvd, Denver, CO 80230"
73,https://www.apartments.com/art-district-flats-denver-co/yn5elev/,Art District Flats,"1225 Santa Fe Dr, Denver, CO 80204"
74,https://www.apartments.com/x-denver-denver-co/7vx778z/,X Denver,"3100 Inca St, Denver, CO 80202"
75,https://www.apartments.com/elevate-at-pena-station-denver-co/7twd5qw/,Elevate at Pena Station,"17607 E 61st Ave, Denver, CO 80249"
76,https://www.apartments.com/the-haven-denver-co/f8j7twv/,The Haven,"18400 E Elmendorf Dr, Denver, CO 80249"
77,https://www.apartments.com/alton-jefferson-park-denver-co/0c88e43/,Alton Jefferson Park,"2920 W 29th Ave, Denver, CO 80211"
78,https://www.apartments.com/cortland-at-green-valley-denver-co/k9zjwf9/,Cortland at Green Valley,"5650 N Argonne St, Denver, CO 80249"
79,https://www.apartments.com/amli-art-district-denver-co/ln436sf/,AMLI Art District,"2520 Wewatta Way, Denver, CO 80216"
80,https://www.apartments.com/kendrick-denver-co/b7lr20b/,Kendrick,"1780 Marion St, Denver, CO 80218"
81,https://www.apartments.com/vue-west-denver-co/84kl7l0/,Vue West,"4811 S Niagara St, Denver, CO 80237"
82,https://www.apartments.com/1919-mile-high-denver-co/3ynen2e/,1919 Mile High,"550 W 19th Ave, Denver, CO 80204"
83,https://www.apartments.com/amli-broadway-park-denver-co/y8vnq7t/,AMLI Broadway Park,"357 S Bannock St, Denver, CO 80223"
84,https://www.apartments.com/alfacharlie-denver-co/gst9s3w/,AlfaCharlie,"18798 E 65th Ave, Denver, CO 80249"
85,https://www.apartments.com/momentum-at-first-creek-denver-co/s9l6qp7/,Momentum at First Creek,"17700 E 56th Ave, Denver, CO 80249"
86,https://www.apartments.com/airie-apartments-denver-co/crv4k0g/,Airie Apartments,"800 S Valentia St, Denver, CO 80247"
87,https://www.apartments.com/avere-on-the-high-line-denver-co/t95vm7c/,Avere On the High Line,"1850 S Quebec Way, Denver, CO 80231"
88,https://www.apartments.com/ladora-modern-apartments-denver-co/96cv8g6/,Ladora Modern Apartments,"18590 E 61st Ave, Denver, CO 80249"
89,https://www.apartments.com/ironworks-on-fox-denver-co/w1c77xh/,Ironworks on Fox,"651 W 42nd Ave, Denver, CO 80216"
90,https://www.apartments.com/dryden-denver-co/43t52lh/,Dryden,"1140 Bannock St, Denver, CO 80204"
91,https://www.apartments.com/elevon-denver-co/303djxe/,Elevon,"3650 Uinta St, Denver, CO 80238"
92,https://www.apartments.com/emblem-gateway-denver-co/myhkjjl/,Emblem Gateway,"6026 N Ceylon St, Denver, CO 80249"
93,https://www.apartments.com/alexan-evans-station-denver-co/ysssdqv/,Alexan Evans Station,"2121 S Broadway, Denver, CO 80210"
94,https://www.apartments.com/flora-rino-denver-co/z1vb8xx/,Flora RiNo,"3500 Chestnut Pl, Denver, CO 80216"
95,https://www.apartments.com/forge-denver-co/k4m1zn9/,Forge,"3901 Wynkoop St, Denver, CO 80216"
96,https://www.apartments.com/solana-central-park-denver-co/5swhgsm/,Solana Central Park,"8355 E 32nd Ave, Denver, CO 80238"
97,https://www.apartments.com/kindred-denver-co/le1f7ff/,Kindred,"180 W 10th Ave, Denver, CO 80204"
98,https://www.apartments.com/edera-denver-co/1y5e9r6/,Edera,"6609 E Warren Dr, Denver, CO 80224"
99,https://www.apartments.com/hanover-evans-station-denver-co/j9lqd94/,Hanover Evans Station,"1933 S Acoma St, Denver, CO 80223"
100,https://www.apartments.com/solana-beeler-park-denver-co/yermpqr/,Solana Beeler Park,"9345 E 56th Ave, Denver, CO 80239"
101,https://www.apartments.com/proximo-at-pena-station-denver-co/xmekhen/,Proximo at Pena Station,"6223 N Panasonic Way, Denver, CO 80249"
102,https://www.apartments.com/patten-gray-denver-co/grrqdfw/,Patten Gray,"1158 Delaware St, Denver, CO 80204"
103,https://www.apartments.com/wilder-denver-co/3emq7sf/,Wilder,"1521 N Hooker St, Denver, CO 80204"
104,https://www.apartments.com/the-riv-denver-co/je4x697/,The Riv,"3720 N Downing St, Denver, CO 80205"
105,https://www.apartments.com/aura-arts-district-denver-co/10z2e06/,Aura Arts District,"505 N Lipan St, Denver, CO 80204"
106,https://www.apartments.com/canvas-at-gateway-denver-co/t7lrrcc/,Canvas at Gateway,"19182 E 62nd Ave, Denver, CO 80249"
107,https://www.apartments.com/iota-fox-station-denver-co/cczhczg/,Iota Fox Station,"500 W 41st Ave, Denver, CO 80216"
108,https://www.apartments.com/hanover-rino-denver-co/1j8hb16/,Hanover RiNo,"2950 Brighton Blvd, Denver, CO 80216"
109,https://www.apartments.com/frameline-apartments-denver-co/5fy8p4p/,Frameline Apartments,"4225 E Hale Pky, Denver, CO 80220"
110,https://www.apartments.com/cortland-gateway-park-denver-co/jwz8l66/,Cortland Gateway Park,"4699 Kittredge St, Denver, CO 80239"
111,https://www.apartments.com/gardens-at-cherry-creek-denver-co/wglzxkk/,Gardens at Cherry Creek,"225 S Harrison St, Denver, CO 80209"
112,https://www.apartments.com/premier-lofts-denver-co/5mrcz1p/,Premier Lofts,"2200 Market St, Denver, CO 80205"
113,https://www.apartments.com/milehouse-denver-co/3eds2vg/,Milehouse,"6750 E Chenango Ave, Denver, CO 80237"
114,https://www.apartments.com/advenir-at-cherry-creek-north-denver-co/pjfy51v/,Advenir at Cherry Creek North,"1090 S Parker Rd, Denver, CO 80231"
115,https://www.apartments.com/sienna-at-cherry-creek-apartments-denver-co/66tk2hs/,Sienna at Cherry Creek Apartments,"1939 S Quebec Way, Denver, CO 80231"
116,https://www.apartments.com/the-metro-apartments-denver-co/mjll7th/,The Metro Apartments,"2121 Delgany St, Denver, CO 80202"
117,https://www.apartments.com/steele-creek-denver-co/8yln5d0/,Steele Creek,"3222 E 1st Ave, Denver, CO 80206"
118,https://www.apartments.com/mint-urban-infinity-denver-co/rlrbk20/,Mint Urban Infinity,"1251 S Bellaire St, Denver, CO 80246"
119,https://www.apartments.com/felix-denver-co/2hyzr6c/,Felix,"11100 E Dartmouth Ave, Denver, CO 80014"
120,https://www.apartments.com/tava-waters-apartments-denver-co/1nj8cz6/,TAVA Waters Apartments,"9099 E Mississippi Ave, Denver, CO 80247"
121,https://www.apartments.com/maa-river-north-denver-co/mkczvxj/,MAA River North,"1859 28th St, Denver, CO 80216"
122,https://www.apartments.com/jasper-towers-denver-co/9ypx096/,Jasper Towers,"1777 Chestnut Pl, Denver, CO 80202"
123,https://www.apartments.com/luxe-at-mile-high-denver-co/sxyljh6/,Luxe at Mile High,"3200 W Colfax Ave, Denver, CO 80204"
124,https://www.apartments.com/the-dorsey-denver-co/tvjq648/,The Dorsey,"600 Park Ave W, Denver, CO 80205"
125,https://www.apartments.com/the-fitzgerald-denver-co/502p82p/,The Fitzgerald,"1840 Market St, Denver, CO 80202"
126,https://www.apartments.com/edit-at-river-north-denver-co/wqz5hjl/,Edit at River North,"3463 Walnut St, Denver, CO 80205"
127,https://www.apartments.com/modera-golden-triangle-denver-co/kd3fhq9/,Modera Golden Triangle,"1095 Bannock St, Denver, CO 80203"
128,https://www.apartments.com/twentyone01-on-market-denver-co/e62ljhp/,TwentyOne01 on Market,"2101 Market St, Denver, CO 80205"
129,https://www.apartments.com/sentral-union-station-denver-co/pzzxf4t/,Sentral Union Station,"1777 Wewatta St, Denver, CO 80202"
130,https://www.apartments.com/mercer-denver-co/p17j5ns/,Mercer,"2059 19th St, Denver, CO 80202"
131,https://www.apartments.com/300-east-17th-apartments-denver-co/b483bq8/,300 East 17th Apartments,"300 E 17th Ave, Denver, CO 80203"
132,https://www.apartments.com/belmont-buckingham-denver-co/eg0sgmn/,Belmont Buckingham,"1050-1080 Sherman St, Denver, CO 80203"
133,https://www.apartments.com/villages-at-gateway-denver-co/0nslb11/,Villages at Gateway,"12175 Albrook Dr, Denver, CO 80239"
134,https://www.apartments.com/the-seasons-of-cherry-creek-denver-co/dn69esh/,The Seasons of Cherry Creek,"3498 E Ellsworth Ave, Denver, CO 80209"
135,https://www.apartments.com/the-ventana-at-colorado-station-denver-co/x2djhmq/,The Ventana at Colorado Station,"5095 E Donald Ave, Denver, CO 80222"
136,https://www.apartments.com/grand-lowry-lofts-denver-co/nlzw3mn/,Grand Lowry Lofts,"200 Rampart Way, Denver, CO 80230"
137,https://www.apartments.com/monaco-lakes-denver-co/ghtb63w/,Monaco Lakes,"6165 E Iliff Ave, Denver, CO 80222"
138,https://www.apartments.com/imt-cherry-creek-denver-co/p5lctdr/,IMT Cherry Creek,"755 S Dexter St, Denver, CO 80246"
139,https://www.apartments.com/cortland-on-cherry-creek-denver-co/myk729h/,Cortland on Cherry Creek,"2234 S Trenton Way, Denver, CO 80231"
140,https://www.apartments.com/the-villages-at-curtis-park-ii-denver-co/t0c9mxb/,The Villages at Curtis Park II,"3223-3301 Arapahoe St, Denver, CO 80205"
141,https://www.apartments.com/arapahoe-club-denver-co/47s1y6h/,Arapahoe Club,"2800 S Syracuse Way, Denver, CO 80231"
142,https://www.apartments.com/allure-denver-co/yprfqrt/,Allure,"1300 S Willow St, Denver, CO 80247"
143,https://www.apartments.com/andante-apartments-denver-co/y3pspnt/,Andante Apartments,"3310 S Kenton St, Denver, CO 80014"
144,https://www.apartments.com/powderhorn-apartments-denver-co/lvmfypd/,Powderhorn Apartments,"2365 W Virginia Ave, Denver, CO 80223"
145,https://www.apartments.com/lumina-apartments-denver-co/5897zpp/,Lumina Apartments,"3234 N Navajo St, Denver, CO 80211"
146,https://www.apartments.com/the-paramount-apartments-denver-co/0328by3/,The Paramount Apartments,"8000 E Girard Ave, Denver, CO 80231"
147,https://www.apartments.com/greentree-village-apartments-denver-co/4dyk98l/,Greentree Village Apartments,"1039 S Parker Rd, Denver, CO 80231"
148,https://www.apartments.com/crestone-aurora-co/dtkyq9k/,Crestone,"10550 E Iowa Ave, Aurora, CO 80012"
149,https://www.apartments.com/4550-cherry-creek-glendale-co/vxc000d/,4550 Cherry Creek Dr S,"4550 Cherry Creek Dr S, Glendale, CO 80246"
150,https://www.apartments.com/kent-place-residences-englewood-co/9dy00k5/,Kent Place Residences,"3465 S Gaylord Ct, Englewood, CO 80113"
151,https://www.apartments.com/the-dakota-at-governors-ranch-littleton-co/qb11jzz/,The Dakota at Governor's Ranch,"9097 W Cross Dr, Littleton, CO 80123"
152,https://www.apartments.com/verona-littleton-co/95fs1y4/,Verona,"2961 W Centennial Dr, Littleton, CO 80123"
153,https://www.apartments.com/summit-riverside-apartments-littleton-co/hqxy4j1/,Summit Riverside Apartments,"4957 S Prince Ct, Littleton, CO 80123"
154,https://www.apartments.com/helios-englewood-co/n6zhn6n/,Helios,"7901 E Belleview Ave, Englewood, CO 80111"
155,https://www.apartments.com/trailpoint-by-trion-living-aurora-co/mvxcy6j/,Trailpoint by Trion Living,"10756 E Virginia Ave, Aurora, CO 80012"
156,https://www.apartments.com/isabella-apartment-homes-greenwood-village-co/ggdn78y/,Isabella Apartment Homes,"5400 S Park Terrace Ave, Greenwood Village, CO 80111"
157,https://www.apartments.com/imt-dayton-station-aurora-co/0eppz11/,IMT Dayton Station,"3645 S Dallas St, Aurora, CO 80014"
158,https://www.apartments.com/edge-26-by-trion-living-wheat-ridge-co/yrv7tys/,Edge 26 by Trion Living,"6201 W 26th Ave, Wheat Ridge, CO 80214"
159,https://www.apartments.com/brickhouse-at-lamar-station-lakewood-co/108f8m6/,Brickhouse at Lamar Station,"6300 W 13th Ave, Lakewood, CO 80214"
160,https://www.apartments.com/iron-works-village-englewood-co/fb180ht/,Iron Works Village,"519 W Amherst Ave, Englewood, CO 80110"
161,https://www.apartments.com/white-fence-farm-lakewood-co/6j9pzmr/,White Fence Farm,"6273 W Jewell Ave, Lakewood, CO 80232"
162,https://www.apartments.com/alexan-westerly-creek-aurora-co/18m7976/,Alexan Westerly Creek,"2271 N Clinton St, Aurora, CO 80010"
163,https://www.apartments.com/tempo-at-nine-mile-station-apartments-aurora-co/gx8hksw/,Tempo at Nine Mile Station Apartments,"3160 S Parker Rd, Aurora, CO 80014"
164,https://www.apartments.com/arden-englewood-englewood-co/ldejezg/,Arden Englewood,"3595 S Jason St, Englewood, CO 80110"
165,https://www.apartments.com/prose-at-painted-prairie-aurora-co/ktqs9pc/,Prose at Painted Prairie,"21650 E 56th Ave, Aurora, CO 80019"
166,https://www.apartments.com/alexan-montview-plaza-aurora-co/w2cl2sk/,Alexan Montview Plaza,"2060 N Chester St, Aurora, CO 80010"
167,https://www.apartments.com/westlake-greens-littleton-co/ez6fbsq/,Westlake Greens,"8000 W Crestline Ave, Littleton, CO 80123"
168,https://www.apartments.com/the-huntington-lakewood-co/f7d3m9s/,The Huntington,"8223 W Floyd Ave, Lakewood, CO 80227"
169,https://www.apartments.com/skyecrest-lakewood-co/1vf0sc5/,Skyecrest,"7846 W Mansfield Pky, Lakewood, CO 80235"
170,https://www.apartments.com/alexan-julian-denver-co/nbmz53n/,Alexan Julian,"3400 W 38th Ave, Denver, CO 80211"
171,https://www.apartments.com/high-line-pointe-denver-co/tbvwl49/,High Line Pointe,"1291 S Ulster St, Denver, CO 80231"
172,https://www.apartments.com/cortland-congress-park-denver-co/j4h5cs4/,Cortland Congress Park,"901 Colorado Blvd, Denver, CO 80206"
173,https://www.apartments.com/cortland-cap-hill-denver-co/w7b959h/,Cortland Cap Hill,"1200 Grant St, Denver, CO 80203"
174,https://www.apartments.com/one19-cherry-creek-denver-co/cql2l4f/,One19 Cherry Creek,"119 S Harrison St, Denver, CO 80209"
175,https://www.apartments.com/z53-denver-co/gnldv2w/,Z53,"5360-5380 Zuni St, Denver, CO 80221"
176,https://www.apartments.com/trivista-on-speer-denver-co/m26cnfl/,TriVista on Speer,"1350 Speer Blvd, Denver, CO 80204"
177,https://www.apartments.com/the-quincy-denver-co/t6s7ss8/,The Quincy,"1776 Curtis St, Denver, CO 80202"
178,https://www.apartments.com/the-york-on-city-park-denver-co/123n665/,The York on City Park,"1781 York St, Denver, CO 80206"
179,https://www.apartments.com/757-grant-denver-co/bse3bj9/,757 Grant St,"757 Grant St, Denver, CO 80203"
180,https://www.apartments.com/city-house-apartments-denver-co/5ngpjzn/,City House Apartments,"1801 Chestnut Pl, Denver, CO 80202"
181,https://www.apartments.com/station-a-apartments-denver-co/eyds10n/,Station A Apartments,"4550 Kittredge St, Denver, CO 80239"
182,https://www.apartments.com/the-julian-denver-co/rd5h402/,The Julian,"1515 Julian St, Denver, CO 80204"
183,https://www.apartments.com/the-mile-denver-co/vlltl5g/,The Mile,"1598 Hooker St, Denver, CO 80204"
184,https://www.apartments.com/the-everett-denver-co/mjwc0vh/,The Everett,"3890 W Colfax Ave, Denver, CO 80204"
185,https://www.apartments.com/larimer-35-denver-co/7ly4mjz/,Larimer 35,"3418 Larimer St, Denver, CO 80205"
186,https://www.apartments.com/regatta-at-sloans-lake-denver-co/g19htcy/,Regatta at Sloan's Lake,"1550 Raleigh St, Denver, CO 80204"
187,https://www.apartments.com/advenir-at-cherry-creek-south-denver-co/mp4cn5j/,Advenir at Cherry Creek South,"1211 S Quebec Way, Denver, CO 80231"
188,https://www.apartments.com/mountain-vista-denver-co/qflbn1z/,Mountain Vista,"474 S Wright St, Denver, CO 80228"
189,https://www.apartments.com/the-overland-denver-co/cqdwpeg/,The Overland,"2065 S Cherokee St, Denver, CO 80223"
190,https://www.apartments.com/the-apartments-at-denver-place-denver-co/ln0vykf/,The Apartments at Denver Place,"1880 Arapahoe St, Denver, CO 80202"
191,https://www.apartments.com/ascent-denver-co/xk0mf9n/,Ascent,"8400 E Yale Ave, Denver, CO 80231"
192,https://www.apartments.com/villas-denver-co/ftq3eyt/,Villas,"2555 31st St, Denver, CO 80216"
193,https://www.apartments.com/advenir-at-french-quarter-denver-co/jkb7mg4/,Advenir at French Quarter,"3227 S Parker Rd, Denver, CO 80014"
194,https://www.apartments.com/alpine-flats-denver-co/v8m60rg/,Alpine Flats,"645 Wolff St, Denver, CO 80204"
195,https://www.apartments.com/windsor-at-lakewood-lakewood-co/bpdsyt9/,Windsor at Lakewood,"8153 W Eastman Pl, Lakewood, CO 80227"
196,https://www.apartments.com/stanley-house-apartments-aurora-co/czpv3xe/,Stanley House Apartments,"9501 E 23rd Ave, Aurora, CO 80010"
197,https://www.apartments.com/flats-on-the-a-aurora-co/3kk3dte/,Flats on the A,"3910 Salida St, Aurora, CO 80011"
198,https://www.apartments.com/griffis-cheesman-park-denver-co/c1342ze/,Griffis Cheesman Park,"2190 E 11th Ave, Denver, CO 80206"
199,https://www.apartments.com/arium-at-lowry-denver-co/lm8qmzg/,ARIUM at Lowry,"10000 E Alameda Ave, Denver, CO 80247"
200,https://www.apartments.com/the-clarkson-denver-co/4smnjjj/,The Clarkson,"1756 N Clarkson St, Denver, CO 80218"
201,https://www.apartments.com/addison-at-cherry-creek-denver-co/562730n/,Addison at Cherry Creek,"9110 E Florida Ave, Denver, CO 80247"
202,https://www.apartments.com/parq-on-speer-denver-co/zsqtclw/,Parq on Speer,"909 Bannock St, Denver, CO 80204"
203,https://www.apartments.com/block-32-at-rino-denver-co/wcehjfl/,Block 32 at RiNo,"3200 Brighton Blvd, Denver, CO 80216"
204,https://www.apartments.com/carriage-place-denver-co/1vnl8w5/,Carriage Place,"4875 Dtc Blvd, Denver, CO 80237"
205,https://www.apartments.com/2828-zuni-denver-co/ttsgn2b/,2828 Zuni St,"2828 Zuni St, Denver, CO 80211"
206,https://www.apartments.com/carraway-apartments-denver-co/wq2nr9k/,Carraway Apartments,"1190 S Pennsylvania St, Denver, CO 80210"
207,https://www.apartments.com/bayaud-tower-the-gardens-denver-co/cdcvtnd/,Bayaud Tower & The Gardens,"1001 E Bayaud Ave, Denver, CO 80209"
208,https://www.apartments.com/the-logan-apartments-denver-co/pdl6lhs/,The Logan Apartments,"619 N Logan St, Denver, CO 80203"
209,https://www.apartments.com/camber-apartments-denver-co/lm3fyyg/,Camber Apartments,"6025 N Ceylon St, Denver, CO 80249"
210,https://www.apartments.com/avia-lowry-denver-co/3vhvhpf/,Avia Lowry,"9649 E 5th Ave, Denver, CO 80230"
211,https://www.apartments.com/point-21-apartments-denver-co/md6pwdh/,Point 21 Apartments,"2131 Lawrence St, Denver, CO 80205"
212,https://www.apartments.com/the-lydian-denver-co/gsp1fqx/,The Lydian,"2560 Welton St, Denver, CO 80205"
213,https://www.apartments.com/1515-flats-denver-co/g8kj20y/,1515 Flats,"1515 Vrain St, Denver, CO 80204"
214,https://www.apartments.com/jefferson-park-33-denver-co/70h9bsy/,Jefferson Park 33,"2715 W 25th Ave, Denver, CO 80211"
215,https://www.apartments.com/lowry-north-denver-co/h3g3jq2/,Lowry North,"8001 E 11th Ave, Denver, CO 80220"
216,https://www.apartments.com/griffis-cherry-creek-north-denver-co/3jq0ssf/,Griffis Cherry Creek North,"55 N Cook St, Denver, CO 80206"
217,https://www.apartments.com/bank-and-boston-lofts-denver-co/lle4q5f/,Bank and Boston Lofts,"817 17th St, Denver, CO 80202"
218,https://www.apartments.com/griffis-north-union-denver-co/qt7r72z/,Griffis North Union,"2975 Huron St, Denver, CO 80202"
219,https://www.apartments.com/the-berkeley-apartments-denver-co/t0krh9c/,The Berkeley Apartments,"4703 W 52nd Ave, Denver, CO 80212"
220,https://www.apartments.com/modera-observatory-park-denver-co/4kbshqj/,Modera Observatory Park,"1910 S Josephine St, Denver, CO 80210"
221,https://www.apartments.com/outlook-dtc-denver-co/54kw2gn/,Outlook DTC,"5031 S Ulster St, Denver, CO 80237"
222,https://www.apartments.com/radiant-denver-co/lnf001e/,Radiant,"2100 Welton St, Denver, CO 80205"
223,https://www.apartments.com/alas-over-lowry-denver-co/b4j2dx9/,Alas Over Lowry,"82 N Uinta Way, Denver, CO 80230"
224,https://www.apartments.com/studio-135-denver-co/emqr3dn/,Studio 135,"135 Adams St, Denver, CO 80206"
225,https://www.apartments.com/sobo-station-denver-co/l9x1tqg/,SoBo Station,"500 W Cedar Ave, Denver, CO 80223"
226,https://www.apartments.com/waterford-cherry-creek-denver-co/59h97rn/,Waterford Cherry Creek,"650 S Dahlia Cir, Denver, CO 80246"
227,https://www.apartments.com/elm-at-panorama-denver-co/rv3lt61/,Elm at Panorama,"10050 E Harvard Ave, Denver, CO 80231"
228,https://www.apartments.com/springs-at-pena-station-denver-co/gqrhjnx/,Springs at Pena Station,"17770 E 64th Ave, Denver, CO 80249"
229,https://www.apartments.com/griffis-union-station-denver-co/x1glvbm/,Griffis Union Station,"2905 Inca St, Denver, CO 80202"
230,https://www.apartments.com/monaco-south-denver-co/nb44e5p/,Monaco South,"2280 S Monaco Pky, Denver, CO 80222"
231,https://www.apartments.com/line-28-at-lohi-denver-co/8eh22k3/,Line 28 at LoHi,"1560 Boulder St, Denver, CO 80211"
232,https://www.apartments.com/griffis-belleview-station-denver-co/kflkjeb/,Griffis Belleview Station,"4400 S Monaco St, Denver, CO 80237"
233,https://www.apartments.com/griffis-cherry-creek-denver-co/e6md78p/,Griffis Cherry Creek,"350 S Jackson St, Denver, CO 80209"
234,https://www.apartments.com/pearl-dtc-denver-co/xdzjsmn/,Pearl DTC,"7571 E Technology Way, Denver, CO 80237"
235,https://www.apartments.com/emery-west-highland-denver-co/8s2rzj2/,Emery West Highland,"3550 W 38th Ave, Denver, CO 80211"
236,https://www.apartments.com/santana-ridge-denver-co/c3y2p3f/,Santana Ridge,"1355 S Galena St, Denver, CO 80247"
237,https://www.apartments.com/alton-green-denver-co/g2wfmxw/,Alton Green,"8965 E Florida Ave, Denver, CO 80247"
238,https://www.apartments.com/griffis-lodo-denver-co/4g121pl/,Griffis LoDo,"1490 Delgany St, Denver, CO 80202"
239,https://www.apartments.com/peregrine-place-apartment-homes-denver-co/2m43tf8/,Peregrine Place Apartment Homes,"4400 E Mississippi Ave, Denver, CO 80246"
240,https://www.apartments.com/legend-oaks-denver-co/c3vshyd/,Legend Oaks,"1250 S Dayton Ct, Denver, CO 80247"
241,https://www.apartments.com/the-ranch-at-first-creek-denver-co/2t9sbd8/,The Ranch At First Creek,"18493 E Elmendorf Dr, Denver, CO 80249"
242,https://www.apartments.com/edmond-denver-co/njqgqyp/,Edmond,"2420 Arapahoe St, Denver, CO 80205"
243,https://www.apartments.com/alta-springs-denver-co/n82d7dm/,Alta Springs,"9888 E Vassar Dr, Denver, CO 80231"
244,https://www.apartments.com/whisper-sky-denver-co/zgwe0ey/,Whisper Sky,"1752 S Parker Rd, Denver, CO 80247"
245,https://www.apartments.com/cortland-on-blake-denver-co/d1q94tl/,Cortland on Blake,"1451 24th St, Denver, CO 80205"
246,https://www.apartments.com/one-city-block-denver-co/p8bpmnt/,One City Block,"444 E 19th Ave, Denver, CO 80203"
247,https://www.apartments.com/sb1k-denver-co/q5j9r5x/,SB1K,"1000 S Broadway St, Denver, CO 80209"
248,https://www.apartments.com/thrive-denver-living-denver-co/59cl32n/,Thrive Denver Living,"2660 W Holden Pl, Denver, CO 80204"
249,https://www.apartments.com/millennium-green-valley-ranch-denver-co/fvxqplv/,Millennium Green Valley Ranch,"4909 N Telluride St, Denver, CO 80249"
250,https://www.apartments.com/high-country-house-apartments-denver-co/dncdy7k/,High Country House Apartments,"77 S Adams St, Denver, CO 80209"
251,https://www.apartments.com/the-croft-apartments-denver-co/ccdlwcg/,The Croft Apartments,"7200 E Evans Ave, Denver, CO 80224"
252,https://www.apartments.com/canvas-on-blake-denver-co/t2d4v19/,Canvas on Blake,"2401 Blake St, Denver, CO 80205"
253,https://www.apartments.com/the-curtis-denver-co/pfp8rjt/,The Curtis,"2031-2033 Curtis St, Denver, CO 80205"
254,https://www.apartments.com/milo-denver-co/txedf38/,Milo,"4109 E 10th Ave, Denver, CO 80206"
255,https://www.apartments.com/arabella-denver-co/spcg3b4/,Arabella,"4982 S Ulster St, Denver, CO 80237"
256,https://www.apartments.com/b-street-lohi-apartments-denver-co/rg5v2h1/,B Street LoHi Apartments,"1736 Boulder St, Denver, CO 80211"
257,https://www.apartments.com/art-studios-denver-co/5yfnf0m/,Art Studios,"1200 N Lincoln St, Denver, CO 80203"
258,https://www.apartments.com/live-on-south-federal-denver-co/nm003gq/,Live On South Federal,"2775 S Federal Blvd, Denver, CO 80236"
259,https://www.apartments.com/1880-little-raven-denver-co/2tnc689/,1880 Little Raven St,"1880 Little Raven St, Denver, CO 80202"
260,https://www.apartments.com/retreat-at-waters-edge-denver-co/4wghwtj/,Retreat at Waters Edge,"9999 E Yale Ave, Denver, CO 80231"
261,https://www.apartments.com/ascent-at-lowry-denver-co/fwwm9jv/,Ascent at Lowry,"425 S Galena Way, Denver, CO 80247"
262,https://www.apartments.com/the-irving-denver-co/51lhr2q/,The Irving,"1122 Albion St, Denver, CO 80220"
263,https://www.apartments.com/16m-denver-co/ct263gf/,16M,"1560 Market St, Denver, CO 80202"
264,https://www.apartments.com/residences-at-capitol-heights-denver-co/hj0zf70/,Residences at Capitol Heights,"1350 Grant St, Denver, CO 80203"
265,https://www.apartments.com/estrella-denver-co/73x9bzy/,Estrella,"7030-7070 Pecos St, Denver, CO 80221"
266,https://www.apartments.com/pop-denver-denver-co/336wx0f/,Pop Denver,"655 Santa Fe Dr, Denver, CO 80204"
267,https://www.apartments.com/the-elements-at-sloans-lake-denver-co/lldjzbe/,The Elements at Sloanâ€™s Lake,"1590 Yates St, Denver, CO 80204"
268,https://www.apartments.com/greenhaus-denver-co/77htvgx/,GreenHaus,"2799 W 13th Ave, Denver, CO 80204"
269,https://www.apartments.com/commons-park-west-denver-co/myq8q7k/,Commons Park West,"1550 Platte St, Denver, CO 80202"
270,https://www.apartments.com/baker-tower-apartments-denver-co/vqr4dtf/,Baker Tower Apartments,"330 Acoma St, Denver, CO 80223"
271,https://www.apartments.com/hilltop-view-apartments-denver-co/8jml201/,Hilltop View Apartments,"243 W 80th Ave, Denver, CO 80221"
272,https://www.apartments.com/cambridge-place-denver-co/0c8qe42/,Cambridge Place,"1260 S Bellaire St, Denver, CO 80246"
273,https://www.apartments.com/summitt-ridge-denver-co/pfhtwpr/,Summitt Ridge,"8330 E Quincy Ave, Denver, CO 80237"
274,https://www.apartments.com/the-avantus-denver-co/smny3p6/,The Avantus,"8008 Montview Blvd, Denver, CO 80220"
275,https://www.apartments.com/villas-on-76th-denver-co/xwpwykp/,Villas on 76th,"2002 W 76th Ave, Denver, CO 80221"
276,https://www.apartments.com/sage-at-panorama-denver-co/sslb1s5/,Sage at Panorama,"2570 S Dayton Way, Denver, CO 80231"
277,https://www.apartments.com/2525-eliot-street-apartments-denver-co/l2zs6yd/,2525 Eliot St,"2525 Eliot St, Denver, CO 80211"
278,https://www.apartments.com/hampden-heights-denver-co/1fqz9l6/,Hampden Heights,"8405 E Hampden Ave, Denver, CO 80231"
279,https://www.apartments.com/trivium-denver-co/tqyjmp8/,Trivium,"2105-2155 Buchtel Blvd, Denver, CO 80210"
280,https://www.apartments.com/tuscan-heights-denver-co/0wpl210/,Tuscan Heights,"1800 W 85th Ave, Denver, CO 80260"
281,https://www.apartments.com/miramar-denver-co/mfr0kxj/,Miramar,"7575 E Arkansas Ave, Denver, CO 80231"
282,https://www.apartments.com/the-lodge-denver-co/0bj8c60/,The Lodge,"4697 E Louisiana Ave, Denver, CO 80246"
283,https://www.apartments.com/24fifty-at-university-park-denver-co/hw2e1e2/,24Fifty at University Park,"2450 S University Blvd, Denver, CO 80210"
284,https://www.apartments.com/novi-at-lowry-denver-co/q790rvw/,Novi at Lowry,"8000 E 12th Ave, Denver, CO 80220"
285,https://www.apartments.com/olivine-littleton-co/39d78pe/,Olivine,"8012 W Long Dr, Littleton, CO 80123"
286,https://www.apartments.com/bella-vita-senior-living-aurora-co/wxsx10h/,Bella Vita Senior Living,"1470 S Havana St, Aurora, CO 80012"
287,https://www.apartments.com/bloom-at-cherry-creek-glendale-co/y0r0tqt/,Bloom at Cherry Creek,"4700 E Kentucky Ave, Glendale, CO 80246"
288,https://www.apartments.com/the-phenix-at-infinity-park-glendale-co/21bdtb8/,The Phenix At Infinity Park,"4701 E Mississippi Ave, Glendale, CO 80246"
289,https://www.apartments.com/centro-aurora-co/xg511yq/,Centro,"10901 E Garden Dr, Aurora, CO 80012"
290,https://www.apartments.com/lugano-at-cherry-creek-aurora-co/wyvfnmj/,Lugano at Cherry Creek,"9601 E Iliff Ave, Aurora, CO 80231"
291,https://www.apartments.com/solana-olde-town-station-arvada-co/8ekv7h3/,Solana Olde Town Station,"6875 W 56th Ave, Arvada, CO 80002"
292,https://www.apartments.com/park-place-at-expo-apartments-aurora-co/b2h3d7b/,Park Place at Expo Apartments,"10785 E Exposition Ave, Aurora, CO 80012"
293,https://www.apartments.com/the-hamptons-lakewood-co/k1zp3nb/,The Hamptons,"8507 W Hampden Ave, Lakewood, CO 80227"
294,https://www.apartments.com/fairways-at-raccoon-creek-littleton-co/lyec8he/,Fairways at Raccoon Creek,"6805 W Bowles Ave, Littleton, CO 80123"
295,https://www.apartments.com/the-girard-at-cherry-hills-englewood-co/qsmfgrz/,The Girard at Cherry Hills,"1801 E Girard Pl, Englewood, CO 80113"
296,https://www.apartments.com/esprit-cherry-creek-glendale-co/ex2bdvn/,Esprit Cherry Creek,"5001 E Mississippi Ave, Glendale, CO 80246"
297,https://www.apartments.com/wentworth-apartments-aurora-co/fnvrz6v/,Wentworth Apartments,"11255 E Alameda Ave, Aurora, CO 80012"
298,https://www.apartments.com/the-marks-englewood-co/yw69qzt/,The Marks,"1701 E Hampden Ave, Englewood, CO 80113"
299,https://www.apartments.com/avana-on-the-platte-sheridan-co/gz0ve2w/,Avana on the Platte,"3400 S Platte River Dr, Sheridan, CO 80110"
300,https://www.apartments.com/the-phenix-at-4-mile-glendale-co/3s1v7te/,The Phenix At 4 Mile,"601 S Forest St, Glendale, CO 80246"
301,https://www.apartments.com/concordia-apartments-lakewood-co/0e9qh00/,Concordia Apartments,"6777 W 19th Pl, Lakewood, CO 80214"
302,https://www.apartments.com/off-broadway-flats-englewood-co/emqslfp/,Off Broadway Flats,"640-740 E Jefferson Ave, Englewood, CO 80113"
303,https://www.apartments.com/the-parc-at-greenwood-village-greenwood-village-co/q8bc0ex/,The Parc at Greenwood Village,"5500 DTC Pky, Greenwood Village, CO 80111"
304,https://www.apartments.com/viridian-greenwood-village-co/c02ytwf/,Viridian,"5335 S Valentia Way, Greenwood Village, CO 80111"
305,https://www.apartments.com/the-park-at-canyon-ridge-aurora-co/jcbxqx6/,The Park at Canyon Ridge,"9757 E Colorado Ave, Aurora, CO 80247"
306,https://www.apartments.com/westwood-green-lakewood-co/2dhp0nc/,Westwood Green,"7410 W Warren Cir, Lakewood, CO 80227"
307,https://www.apartments.com/loop-at-lamar-station-lakewood-co/cdbvh7d/,Loop at Lamar Station,"1450 Lamar St, Lakewood, CO 80214"
308,https://www.apartments.com/ascent-at-fitzsimons-aurora-co/w9p0y0k/,Ascent at Fitzsimons,"1678 Paris St, Aurora, CO 80010"
309,https://www.apartments.com/fielders-creek-englewood-co/5hgjk3m/,Fielders Creek,"3205 W Floyd Ave, Englewood, CO 80110"
310,https://www.apartments.com/falcon-run-englewood-co/8gd3kj3/,Falcon Run,"3488 W Quincy Ave, Englewood, CO 80110"
311,https://www.apartments.com/the-joliet-at-lowry-aurora-co/czlgdtg/,The Joliet at Lowry,"151 S Joliet Cir, Aurora, CO 80012"
312,https://www.apartments.com/daak-properties-llc-denver-co/8w32h13/,DAAK Properties LLC,"2931 W 25th Ave, Denver, CO 80211"
313,https://www.apartments.com/boulder-crossroads-incredible-location-a-denver-co/vtyr9kd/,Boulder Crossroads - Incredible location a...,"7500 Dakin St, Denver, CO 80221"
314,https://www.apartments.com/hartley-flats-denver-co/hpetpn3/,Hartley Flats,"2749 Walnut St, Denver, CO 80205"
315,https://www.apartments.com/tangent-denver-co/4q03b5j/,Tangent,"4300 S Monaco St, Denver, CO 80237"
316,https://www.apartments.com/1520-wabash-st-denver-co/mfy2wmk/,1520 Wabash St,"1520-1526 Wabash St, Denver, CO 80220"
317,https://www.apartments.com/greenbelt-at-eastbridge-denver-co/nbvvvbp/,Greenbelt at Eastbridge,"10400 E 29th Dr, Denver, CO 80238"
318,https://www.apartments.com/decatur-point-denver-co/j71yy67/,Decatur Point,"2700 Decatur St, Denver, CO 80211"
319,https://www.apartments.com/riverpoint-1330-denver-co/4lxwnrj/,Riverpoint (1330),"1330 W Mississippi Ave, Denver, CO 80223"
320,https://www.apartments.com/creekside-at-amherst-apartments-denver-co/w19j8jh/,Creekside At Amherst Apartments,"7520 W Amherst Ave, Denver, CO 80227"
321,https://www.apartments.com/midtown-plaza-denver-co/s79ywd7/,Midtown Plaza,"1161 W 69th Ave, Denver, CO 80221"
322,https://www.apartments.com/the-denver-house-denver-co/g0sqnqz/,The Denver House,"1055 Logan St, Denver, CO 80203"
323,https://www.apartments.com/the-battery-on-blake-street-denver-co/51etcfm/,The Battery on Blake Street,"2120 Blake St, Denver, CO 80205"
324,https://www.apartments.com/studio-lohi-apartments-denver-co/wf7chbl/,Studio LoHi Apartments,"2555 17th St, Denver, CO 80211"
325,https://www.apartments.com/paragon-apartments-denver-co/fhk9c8s/,Paragon Apartments,"98 S Emerson St, Denver, CO 80209"
326,https://www.apartments.com/the-boulevard-apartments-denver-co/38qttcd/,The Boulevard Apartments,"150 W 9th Ave, Denver, CO 80204"
327,https://www.apartments.com/the-vista-at-washington-park-denver-co/822blj0/,The Vista at Washington Park,"101 Grant St, Denver, CO 80203"
328,https://www.apartments.com/bellaire-plaza-denver-co/l9qff5f/,Bellaire Plaza,"1100 S Bellaire St, Denver, CO 80246"
329,https://www.apartments.com/moto-denver-co/y9p7swr/,MOTO,"820 Sherman St, Denver, CO 80203"
330,https://www.apartments.com/the-kasserman-denver-co/1e69wd6/,The Kasserman,"2680 18th St, Denver, CO 80211"
331,https://www.apartments.com/300-s-logan-denver-co/b05l478/,300 S Logan St,"300 S Logan St, Denver, CO 80209"
332,https://www.apartments.com/albion-apartments-newly-renovated-in-202-denver-co/kwwqhk9/,Albion Apartments - Newly Renovated in 202...,"1410-1430 Albion St, Denver, CO 80220"
333,https://www.apartments.com/meridian-garden-apartments-denver-co/b67wep9/,Meridian Garden Apartments,"1001 S Havana St, Denver, CO 80012"
334,https://www.apartments.com/sleek-lofts-denver-co/xlx9zqn/,Sleek Lofts,"770 Grant St, Denver, CO 80203"
335,https://www.apartments.com/greenbelt-at-town-center-denver-co/p08nefr/,Greenbelt at Town Center,"2860 Roslyn St, Denver, CO 80238"
336,https://www.apartments.com/via-denver-denver-co/gd8py1y/,VIA Denver,"828 N Broadway, Denver, CO 80203"
337,https://www.apartments.com/city-gate-apartment-homes-denver-co/1sjfv55/,City Gate Apartment Homes,"2890 Brighton Blvd, Denver, CO 80216"
338,https://www.apartments.com/honey-creek-townhomes-denver-co/4yt17dh/,Honey Creek Townhomes,"8850 E Mississippi Ave, Denver, CO 80247"
339,https://www.apartments.com/camellia-house-denver-co/yy1jtyt/,Camellia House,"1235 Grant St, Denver, CO 80203"
340,https://www.apartments.com/creekline-townhomes-denver-co/vwqezbg/,Creekline Townhomes,"8625 E Iliff Ave, Denver, CO 80231"
341,https://www.apartments.com/grosvenor-arms-apartments-denver-co/337qbsg/,Grosvenor Arms Apartments,"333 E 16th Ave, Denver, CO 80203"
342,https://www.apartments.com/the-rose-on-colfax-denver-co/xkd3l5p/,The Rose on Colfax,"1510 N Valentia St, Denver, CO 80220"
343,https://www.apartments.com/assembly-student-living-denver-co/rtbqwk1/,Assembly Student Living,"3900 Elati St, Denver, CO 80216"
344,https://www.apartments.com/655-n-broadway-denver-co/pdskxcr/,655 N Broadway,"655 N Broadway, Denver, CO 80203"
345,https://www.apartments.com/the-parker-apartments-lakewood-co/75fjv0z/,The Parker Apartments,"8854 W La Salle Ave, Lakewood, CO 80227"
346,https://www.apartments.com/tailwind-1-aurora-co/71w1cgz/,Tailwind 1,"2345-2365 Emporia St, Aurora, CO 80010"
347,https://www.apartments.com/flight-at-lowry-aurora-co/gqlmvky/,Flight at Lowry,"9913 E 1st Ave, Aurora, CO 80010"
348,https://www.apartments.com/the-arboretum-denver-co/k58c4t8/,The Arboretum,"2049 S Columbine St, Denver, CO 80210"
349,https://www.apartments.com/congress-park-condominium-denver-co/9khq9b7/,Congress Park Condominium,"1035 Colorado Blvd, Denver, CO 80206"
350,https://www.apartments.com/garfield-park-apartments-denver-co/5fel55q/,Garfield Park Apartments,"1325 Garfield St, Denver, CO 80206"
351,https://www.apartments.com/modera-art-park-denver-co/e8m987m/,Modera Art Park,"3299 Brighton Blvd, Denver, CO 80216"
352,https://www.apartments.com/gables-speer-blvd-denver-co/grk0qex/,Gables Speer Blvd,"255-295 E Speer Blvd, Denver, CO 80203"
353,https://www.apartments.com/overture-central-park-55-active-adult-apa-denver-co/7yfh9by/,Overture Central Park 55+ Active Adult Apa...,"8133 E 29th Ave, Denver, CO 80238"
354,https://www.apartments.com/alara-union-station-denver-co/c70tj8e/,Alara Union Station,"1975 19th St, Denver, CO 80202"
355,https://www.apartments.com/bromwell-denver-co/rlmqe33/,Bromwell,"355 N Logan St, Denver, CO 80203"
356,https://www.apartments.com/mica-rino-denver-co/wrgy5sk/,Mica RiNo,"4290 Brighton Blvd, Denver, CO 80216"
357,https://www.apartments.com/solera-denver-co/2d5bzp8/,Solera,"1956 Lawrence St, Denver, CO 80202"
358,https://www.apartments.com/muse-denver-co/5d2kypp/,Muse,"2270 S University Blvd, Denver, CO 80210"
359,https://www.apartments.com/platt-park-by-windsor-denver-co/s4lthj4/,Platt Park by Windsor,"99 E Arizona St, Denver, CO 80210"
360,https://www.apartments.com/aspire-7th-and-grant-denver-co/p7reqdr/,Aspire 7th and Grant,"670 N Grant St, Denver, CO 80203"
361,https://www.apartments.com/raleigh-at-sloans-lake-denver-co/qgyxrey/,Raleigh at Sloan's Lake,"1650 N Raleigh St, Denver, CO 80204"
362,https://www.apartments.com/one-seven-at-belleview-station-denver-co/sgzjmh7/,One Seven at Belleview Station,"4882 S Newport St, Denver, CO 80237"
363,https://www.apartments.com/infinity-lohi-denver-co/8cx5e82/,Infinity LoHi,"2298 W 28th Ave, Denver, CO 80211"
364,https://www.apartments.com/lohi-gold-apartments-denver-co/csk1c2d/,LoHi Gold Apartments,"2424-2434 W Caithness Pl, Denver, CO 80211"
365,https://www.apartments.com/vine-at-panorama-denver-co/ysr7y7t/,Vine at Panorama,"9990 E Harvard Ave, Denver, CO 80231"
366,https://www.apartments.com/the-northern-denver-co/xqk7hhn/,The Northern,"2600 Wewatta way, Denver, CO 80216"
367,https://www.apartments.com/mondrian-colorado-denver-co/2ezsqe9/,Mondrian Colorado,"4175 E Mexico Ave, Denver, CO 80222"
368,https://www.apartments.com/peak-54-denver-co/rqw7r30/,Peak 54,"4185 E Florida Ave, Denver, CO 80222"
369,https://www.apartments.com/element-47-by-windsor-denver-co/h9ymzf3/,Element 47 by Windsor,"2180 N Bryant St, Denver, CO 80211"
370,https://www.apartments.com/the-parc-at-cherry-creek-denver-co/1609vb7/,The Parc At Cherry Creek,"7555 E Warren Dr, Denver, CO 80231"
371,https://www.apartments.com/crescent-flats-town-center-denver-co/1tem557/,Crescent Flats Town Center,"7470 E 29th Ave, Denver, CO 80238"
372,https://www.apartments.com/veranda-highpointe-denver-co/snk25x6/,Veranda Highpointe,"6343 E Girard Pl, Denver, CO 80222"
373,https://www.apartments.com/gables-residences-denver-co/2t31jsb/,Gables Residences,"300 S Monroe St, Denver, CO 80209"
374,https://www.apartments.com/the-dexter-apartments-denver-co/d9z9rek/,The Dexter Apartments,"960 S Dexter St, Denver, CO 80246"
375,https://www.apartments.com/cielo-denver-co/g6l0k6x/,Cielo,"6715 E Union Ave, Denver, CO 80237"
376,https://www.apartments.com/the-casey-denver-co/g7zev3y/,The Casey,"2100 Delgany St, Denver, CO 80202"
377,https://www.apartments.com/the-manhattan-by-windsor-denver-co/86pzct3/,The Manhattan by Windsor,"1801 Bassett St, Denver, CO 80202"
378,https://www.apartments.com/the-hudson-denver-co/cjzzmqe/,The Hudson,"7201 Leetsdale Dr, Denver, CO 80224"
379,https://www.apartments.com/skyhouse-denver-denver-co/b9pj0nb/,Skyhouse Denver,"1776 Broadway St, Denver, CO 80202"
380,https://www.apartments.com/highlands-32-denver-co/g9vjz1x/,Highlands 32,"3251 Lowell Blvd, Denver, CO 80211"
381,https://www.apartments.com/edison-at-rino-denver-co/jjbr5w6/,Edison At Rino,"3063 Brighton Blvd, Denver, CO 80216"
382,https://www.apartments.com/one-river-north-denver-co/wygfv5l/,One River North,"3930 Blake St, Denver, CO 80205"
383,https://www.apartments.com/south-washington-st-apts-denver-co/hwb6zz2/,South Washington St Apts,"45-75 S Washington St, Denver, CO 80209"
384,https://www.apartments.com/dwell-apartments-denver-co/1850tv5/,Dwell Apartments,"600-624 Pennsylvania St, Denver, CO 80203"
385,https://www.apartments.com/parkside-denver-co/130ec67/,Parkside,"2300 W 76th Ave, Denver, CO 80221"
386,https://www.apartments.com/kalaco-apartments-denver-co/jnmbdb7/,Kalaco Apartments,"1010 W Colfax Ave, Denver, CO 80204"
387,https://www.apartments.com/gables-vista-denver-co/hq03gx3/,Gables Vista,"375 S Jackson St, Denver, CO 80209"
388,https://www.apartments.com/cadence-at-union-station-denver-co/l03et8e/,Cadence at Union Station,"1920 17th St, Denver, CO 80202"
389,https://www.apartments.com/venue-on-16th-denver-co/wey3yyj/,Venue on 16th,"2900 E 16th Ave, Denver, CO 80206"
390,https://www.apartments.com/modera-river-north-denver-co/8bwksv0/,Modera River North,"2840 Blake St, Denver, CO 80205"
391,https://www.apartments.com/the-henry-denver-co/4zklj3l/,The Henry,"201 E Mississippi Ave, Denver, CO 80210"
392,https://www.apartments.com/carlisle-on-the-park-apartments-denver-co/em6rs9p/,Carlisle on the Park Apartments,"925-995 Humboldt St, Denver, CO 80218"
393,https://www.apartments.com/everleigh-central-park-55-active-adult-ap-denver-co/46s3btk/,Everleigh Central Park 55+ Active Adult Ap...,"2980 Syracuse St, Denver, CO 80238"
394,https://www.apartments.com/broadstone-on-9th-denver-co/9mhm1d4/,Broadstone on 9th,"4300 E 9th Ave, Denver, CO 80220"
395,https://www.apartments.com/centric-lohi-by-windsor-denver-co/5vekmln/,Centric LoHi by Windsor,"2525 18th St, Denver, CO 80211"
396,https://www.apartments.com/overture-9th-co-55-active-adult-apartme-denver-co/lbkevpg/,Overture 9th + CO 55+ Active Adult Apartme...,"4205 E 10th Ave, Denver, CO 80220"
397,https://www.apartments.com/the-confluence-denver-co/pmzkelr/,The Confluence,"1441 Little Raven St, Denver, CO 80202"
398,https://www.apartments.com/twin-fountain-apartments-denver-co/ddxgypl/,Twin Fountain Apartments,"2135 S Depew St, Denver, CO 80227"
399,https://www.apartments.com/huntington-ridge-apartments-denver-co/bzrvlsb/,Huntington Ridge Apartments,"9896 E Louisiana Dr, Denver, CO 80247"
400,https://www.apartments.com/the-aster-town-center-denver-co/v0mwsef/,The Aster Town Center,"3131 Roslyn Way, Denver, CO 80207"
401,https://www.apartments.com/the-cameron-denver-co/2p6nqgb/,The Cameron,"4545 E Warren Ave, Denver, CO 80222"
402,https://www.apartments.com/foundryline-denver-co/5y339dp/,FoundryLine,"3750 Blake St, Denver, CO 80205"
403,https://www.apartments.com/sunset-ridge-denver-co/l9t5egd/,Sunset Ridge,"4100 S Hooker St, Denver, CO 80236"
404,https://www.apartments.com/kenyon-uptown-denver-co/26kpgqc/,Kenyon Uptown,"777 E 17th Ave, Denver, CO 80203"
405,https://www.apartments.com/eviva-on-cherokee-denver-co/cv80m2e/,Eviva on Cherokee,"1250 Cherokee St, Denver, CO 80204"
406,https://www.apartments.com/korsakov-apartments-denver-co/nxsfcvm/,Korsakov Apartments,"1625 S Birch St, Denver, CO 80222"
407,https://www.apartments.com/lowry-park-denver-co/wl2b26l/,Lowry Park,"8501 E Alameda Ave, Denver, CO 80230"
408,https://www.apartments.com/sova-apartments-denver-co/kphrzwb/,SOVA Apartments,"1901 Grant St, Denver, CO 80203"
409,https://www.apartments.com/the-alcott-denver-co/w0p7n1j/,The Alcott,"2424 Alcott St, Denver, CO 80211"
410,https://www.apartments.com/parkwood-plaza-denver-co/p6plsps/,Parkwood Plaza,"1436 S Irving St, Denver, CO 80219"
411,https://www.apartments.com/cierra-crest-denver-co/yfhqj5t/,Cierra Crest,"4500 S Monaco St, Denver, CO 80237"
412,https://www.apartments.com/1600-glenarm-place-denver-co/ehdd69m/,1600 Glenarm Pl,"1600 Glenarm Pl, Denver, CO 80202"
413,https://www.apartments.com/westover-gardens-apartments-denver-co/9r18g07/,Westover Gardens Apartments,"9758 E Colorado Ave, Denver, CO 80247"
414,https://www.apartments.com/1000-speer-by-windsor-denver-co/q5lqjky/,1000 Speer by Windsor,"1000 Speer Blvd, Denver, CO 80204"
415,https://www.apartments.com/2785-speer-blvd-denver-co/nc4x9rn/,2785 Speer Blvd,"2785 N Speer Blvd, Denver, CO 80211"
416,https://www.apartments.com/monaco-row-denver-co/f0tffsv/,Monaco Row,"4665 S Monaco St, Denver, CO 80237"
417,https://www.apartments.com/connect-at-first-creek-denver-co/778wntz/,Connect at First Creek,"17900 E 56th Ave, Denver, CO 80249"
418,https://www.apartments.com/university-16-denver-co/h8pzvf1/,University 16,"1966 S University Blvd, Denver, CO 80210"
419,https://www.apartments.com/asbury-plaza-denver-co/4pdw0mh/,Asbury Plaza,"5100-5170 E Asbury Ave, Denver, CO 80222"
420,https://www.apartments.com/mile-high-place-denver-co/ksgwf4b/,Mile High Place,"1586 Hooker St, Denver, CO 80204"
421,https://www.apartments.com/quin-denver-co/fwvhtss/,Quin,"1010 N Santa Fe Dr, Denver, CO 80204"
422,https://www.apartments.com/da-vinci-apartments-denver-co/0lbggg1/,Da Vinci Apartments,"1675 S Birch St, Denver, CO 80222"
423,https://www.apartments.com/courtyard-at-cherry-creek-denver-co/k0dbf3c/,Courtyard at Cherry Creek,"4695 E Mississippi Ave, Denver, CO 80246"
424,https://www.apartments.com/zuni-plaza-denver-co/2nqvgsb/,Zuni Plaza,"7595 Zuni St, Denver, CO 80221"
425,https://www.apartments.com/the-jefferson-denver-co/d0r06sk/,The Jefferson,"1626 Logan St, Denver, CO 80203"
426,https://www.apartments.com/radius-uptown-denver-co/qfhdtjy/,Radius Uptown,"1935 N Logan St, Denver, CO 80203"
427,https://www.apartments.com/metropolitan-apartments-at-cheesman-park-denver-co/jsq3054/,Metropolitan Apartments at Cheesman Park,"1901 E 13th Ave, Denver, CO 80206"
428,https://www.apartments.com/2020-lawrence-denver-co/lgz5dng/,2020 Lawrence St,"2020 Lawrence St, Denver, CO 80205"
429,https://www.apartments.com/the-hooper-denver-co/mym79bk/,The Hooper,"2600 Welton St, Denver, CO 80205"
430,https://www.apartments.com/forest-cove-denver-co/vtsx0hd/,Forest Cove,"3446 S Akron St, Denver, CO 80231"
431,https://www.apartments.com/park-cheesman-denver-co/49bmscl/,Park Cheesman,"1177 Race St, Denver, CO 80206"
432,https://www.apartments.com/avenida-del-sol-denver-co/ytypm3t/,Avenida Del Sol,"5048 Morrison Rd, Denver, CO 80219"
433,https://www.apartments.com/mason-at-alameda-station-denver-co/exl0zqq/,Mason at Alameda Station,"275 S Cherokee St, Denver, CO 80223"
434,https://www.apartments.com/the-ayden-denver-co/4ksk98l/,The Ayden,"4228 Kalamath St, Denver, CO 80211"
435,https://www.apartments.com/edge-dtc-denver-co/5lkje6q/,Edge DTC,"7500 E Quincy Ave, Denver, CO 80237"
436,https://www.apartments.com/botanica-town-center-denver-co/9lvq424/,Botanica Town Center,"2853 Roslyn St, Denver, CO 80238"
437,https://www.apartments.com/continental-court-denver-co/y919vts/,Continental Court,"3125-3129 W Arkansas Ave, Denver, CO 80219"
438,https://www.apartments.com/broadway-plaza-lofts-denver-co/2v9dzzc/,Broadway Plaza Lofts,"2330 Broadway, Denver, CO 80205"
439,https://www.apartments.com/westwood-crossing-denver-co/qj2d28z/,Westwood Crossing,"3390 W Alameda Ave, Denver, CO 80219"
440,https://www.apartments.com/ash-street-apartments-denver-co/135m1e5/,Ash Street Apartments,"1170 Ash St, Denver, CO 80220"
441,https://www.apartments.com/20162-e-43rd-ave-denver-co/vy0yr3f/,20162 E 43rd Ave,"20162 E 43rd Ave, Denver, CO 80249"
442,https://www.apartments.com/sable-ridge-apartments-denver-co/8h85470/,Sable Ridge Apartments,"4210 Fraser Way, Denver, CO 80239"
443,https://www.apartments.com/vida-apartments-denver-co/lj31vse/,Vida Apartments,"1151 Colorado Blvd, Denver, CO 80206"
444,https://www.apartments.com/the-wheatley-flats-denver-co/l6vmdzd/,The Wheatley Flats,"530 25th St, Denver, CO 80205"
445,https://www.apartments.com/vista-denver-co/8570eh0/,VISTA,"1920 S University Blvd, Denver, CO 80210"
446,https://www.apartments.com/welton-park-denver-co/957rr74/,Welton Park,"2300 Welton St, Denver, CO 80205"
447,https://www.apartments.com/sable-ridge-senior-residences-denver-co/63pc3nr/,Sable Ridge Senior Residences,"15255 E 40th Ave, Denver, CO 80239"
448,https://www.apartments.com/south-oneida-club-denver-co/gjj9tlw/,South Oneida Club,"1010 S Oneida St, Denver, CO 80224"
449,https://www.apartments.com/tamai-tower-at-sakura-square-denver-co/c4kk2fg/,Tamai Tower at Sakura Square,"1255 19th St, Denver, CO 80202"
450,https://www.apartments.com/krisana-apartments-denver-co/wmy6lmk/,Krisana Apartments,"4343 E Arkansas Ave, Denver, CO 80222"
451,https://www.apartments.com/grammercy-denver-co/v5ekp0e/,Grammercy,"9600 E Girard Ave, Denver, CO 80231"
452,https://www.apartments.com/orchard-glen-apartments-denver-co/lskx4yg/,Orchard Glen Apartments,"3131 W Mexico Ave, Denver, CO 80219"
453,https://www.apartments.com/park-17-denver-co/nwqyx5m/,Park 17,"1280 E 17th Ave, Denver, CO 80218"
454,https://www.apartments.com/cornell-apartments-denver-co/3wvvcme/,Cornell Apartments,"2930 W Cornell Ave, Denver, CO 80236"
455,https://www.apartments.com/winbro-denver-co/dnrpr8l/,Winbro,"1620 Grant St, Denver, CO 80203"
456,https://www.apartments.com/alvista-nine-mile-denver-co/cdteqnd/,Alvista Nine Mile,"3255 S Parker Rd, Denver, CO 80014"
457,https://www.apartments.com/willows-at-tamarac-denver-co/gzwm0dy/,Willows at Tamarac,"8525 E Hampden Ave, Denver, CO 80231"
458,https://www.apartments.com/parkside-apartments-denver-co/xq60kmm/,Parkside Apartments,"7780 23rd Ave, Denver, CO 80238"
459,https://www.apartments.com/pine-creek-apartments-denver-co/jdgmzh6/,Pine Creek Apartments,"600 S Dayton St, Denver, CO 80247"
460,https://www.apartments.com/northfield-flats-denver-co/hhqmh83/,Northfield Flats,"4545 Xenia St, Denver, CO 80238"
461,https://www.apartments.com/promenade-place-greenwood-village-co/37vf7jf/,Promenade Place,"5200 S Ulster St, Greenwood Village, CO 80111"
462,https://www.apartments.com/center-apartments-lakewood-co/t1xtd59/,Center Apartments,"5269-5297 W Center Ave, Lakewood, CO 80226"
463,https://www.apartments.com/highline-lofts-take-advantage-of-our-mas-aurora-co/8rcgcz3/,Highline Lofts - Take advantage of our mas...,"456 S Ironton St, Aurora, CO 80012"
464,https://www.apartments.com/windsor-at-pinehurst-lakewood-co/cbfpxqg/,Windsor at Pinehurst,"3950 S Wadsworth Blvd, Lakewood, CO 80235"
465,https://www.apartments.com/lakewood-crossing-lakewood-co/f2meqyv/,Lakewood Crossing,"1852 S Wadsworth Blvd, Lakewood, CO 80232"
466,https://www.apartments.com/west-line-flats-lakewood-co/qkttpdz/,West Line Flats,"6500 W 13th Ave, Lakewood, CO 80214"
467,https://www.apartments.com/apres-apartment-homes-aurora-co/jzhmqx7/,Apres Apartment Homes,"1503 S Galena Way, Aurora, CO 80247"
468,https://www.apartments.com/cherry-ridge-aurora-co/277yh9c/,Cherry Ridge,"919 S Peoria St, Aurora, CO 80012"
469,https://www.apartments.com/alta-sloans-lake-lakewood-co/tm7crbb/,Alta Sloans Lake,"1605 Sheridan Blvd, Lakewood, CO 80214"
470,https://www.apartments.com/scandia-apartments-englewood-co/p4992lt/,Scandia Apartments,"3540 S Pearl St, Englewood, CO 80113"
471,https://www.apartments.com/sheridan-station-lofts-lakewood-co/5nqj38m/,Sheridan Station Lofts,"1315 Sheridan Blvd, Lakewood, CO 80214"
472,https://www.apartments.com/terra-vista-at-the-park-apartments-littleton-co/j847b75/,Terra Vista at the Park Apartments,"5425 S Federal Cir, Littleton, CO 80123"
473,https://www.apartments.com/kimberly-woods-apartments-englewood-co/7nhjbmx/,Kimberly Woods Apartments,"1401 E Girard Pl, Englewood, CO 80113"
474,https://www.apartments.com/joliet-towers-aurora-co/7grdtny/,Joliet Towers,"1110 S Joliet St, Aurora, CO 80012"
475,https://www.apartments.com/montego-flats-aurora-co/2sp98bc/,Montego Flats,"1536 Macon St, Aurora, CO 80010"
476,https://www.apartments.com/traverse-apartments-lakewood-co/sfqjc37/,Traverse Apartments,"5495 W 10th Ave, Lakewood, CO 80214"
477,https://www.apartments.com/prosper-place-littleton-co/9qcwr55/,Prosper Place,"4601 S Balsam Way, Littleton, CO 80123"
478,https://www.apartments.com/artwalk-at-citycenter-englewood-co/g03c9hz/,ArtWalk at CityCenter,"801-901 Englewood Pky, Englewood, CO 80110"
479,https://www.apartments.com/the-stapleton-apartments-aurora-co/0l1ldj3/,The Stapleton Apartments,"2240 Dallas St, Aurora, CO 80010"
480,https://www.apartments.com/sheridan-station-apartments-lakewood-co/550b02n/,Sheridan Station Apartments,"5330 W 11th Ave, Lakewood, CO 80214"
481,https://www.apartments.com/forest-manor-glendale-co/w9yy7lh/,Forest Manor,"625 S Forest St, Glendale, CO 80246"
482,https://www.apartments.com/bonsai-apartments-englewood-co/tvgp5gb/,Bonsai Apartments,"3740 S Federal Blvd, Englewood, CO 80110"
483,https://www.apartments.com/3283-kearney-st-denver-co/e1rfz5n/,3283 Kearney St,"3283 Kearney St, Denver, CO 80207"
484,https://www.apartments.com/2876-w-53rd-ave-denver-co/vejt45f/,2876 W 53rd Ave Unit #216,"2876 W 53rd Ave Unit #216, Denver, CO 80221"
485,https://www.apartments.com/3505-vrain-st-denver-co/fhwl7jv/,3505 Vrain St,"3505 Vrain St, Denver, CO 80212"
486,https://www.apartments.com/1365-columbine-st-denver-co/pj03b9r/,1365 Columbine St,"1365 Columbine St, Denver, CO 80206"
487,https://www.apartments.com/5120-w-41st-ave-denver-co/zwxdb7x/,5120 W 41st Ave,"5120 W 41st Ave, Denver, CO 80212"
488,https://www.apartments.com/1539-fairfax-st-denver-co/n8fbfmn/,1539 Fairfax St,"1539 Fairfax St, Denver, CO 80220"
489,https://www.apartments.com/22-jackson-st-denver-co/5jn32tn/,22 Jackson St Unit 4,"22 Jackson St Unit 4, Denver, CO 80206"
490,https://www.apartments.com/2301-n-xenia-st-denver-co-unit-2301/4d0v48l/,2301 N Xenia St Unit 2301,"2301 N Xenia St Unit 2301, Denver, CO 80238"
491,https://www.apartments.com/150-s-madison-st-denver-co-unit-150-s-madison-st-205/z78f4ty/,150 S Madison St Unit 150 S Madison St 205,"150 S Madison St Unit 150 S Madison St 205, Denver, CO 80209"
492,https://www.apartments.com/2895-s-cook-st-denver-co/f9k0s4r/,2895 S Cook St,"2895 S Cook St, Denver, CO 80210"
493,https://www.apartments.com/960-n-sherman-st-denver-co/jmevm45/,960 N Sherman St Unit 3A,"960 N Sherman St Unit 3A, Denver, CO 80203"
494,https://www.apartments.com/2899-n-speer-blvd-denver-co-unit-105/h4prtb3/,2899 N Speer Blvd Unit 105,"2899 N Speer Blvd Unit 105, Denver, CO 80211"
495,https://www.apartments.com/1365-columbine-st-denver-co-unit-congress-park-2bed-2bath/zp2p44z/,1365 Columbine St Unit Congress Park 2Bed 2Bath,"1365 Columbine St Unit Congress Park 2Bed 2Bath, Denver, CO 80206"
496,https://www.apartments.com/700-w-evans-ave-denver-co/76nkntw/,700 W Evans Ave,"700 W Evans Ave, Denver, CO 80223"
497,https://www.apartments.com/1753-n-washington-st-denver-co/5lpvsxq/,1753 N Washington St,"1753 N Washington St, Denver, CO 80203"
498,https://www.apartments.com/2876-w-53rd-ave-denver-co-unit-126/07b6bh1/,2876 W 53rd Ave Unit 126,"2876 W 53rd Ave Unit 126, Denver, CO 80221"
499,https://www.apartments.com/2295-e-asbury-ave-denver-co/p26jv8v/,2295 E Asbury Ave,"2295 E Asbury Ave, Denver, CO 80210"
500,https://www.apartments.com/240-s-irving-st-denver-co/m16bx3k/,240 S Irving St,"240 S Irving St, Denver, CO 80219"
501,https://www.apartments.com/4684-n-tower-dr-denver-co/gdq8shz/,4684 N Tower Dr,"4684 N Tower Dr, Denver, CO 80249"
502,https://www.apartments.com/1927-eaton-st-lakewood-co/l99mxge/,1927 Eaton St,"1927 Eaton St, Lakewood, CO 80214"
503,https://www.apartments.com/4899-s-dudley-st-littleton-co-unit-h-8/ep7kzcp/,4899 S Dudley St Unit H-8,"4899 S Dudley St Unit H-8, Littleton, CO 80123"
504,https://www.apartments.com/2930-s-revere-st-aurora-co/fzw237v/,2930 S Revere St,"2930 S Revere St, Aurora, CO 80014"
505,https://www.apartments.com/topaz-apartments-denver-co/801cy92/,Topaz Apartments,"1961-1967 S Josephine St, Denver, CO 80210"
506,https://www.apartments.com/ranch-at-bear-creek-denver-co/kp3bv8c/,Ranch at Bear Creek,"3324 S Field St, Denver, CO 80227"
507,https://www.apartments.com/816-n-cherry-st-denver-co/swmg326/,816 N. Cherry St,"816 Cherry St, Denver, CO 80220"
508,https://www.apartments.com/1020-lincoln-denver-co/v1x2qtg/,1020 Lincoln St,"1020 Lincoln St, Denver, CO 80203"
509,https://www.apartments.com/concord-denver-co/rwrdrz3/,Concord,"2459 S York St, Denver, CO 80210"
510,https://www.apartments.com/the-bentley-denver-co/znlbwkx/,The Bentley,"1506-1508 E 8th Ave, Denver, CO 80218"
511,https://www.apartments.com/emerson-lofts-denver-co/9el8c66/,Emerson Lofts,"777 Emerson St, Denver, CO 80218"
512,https://www.apartments.com/julian32-at-highlands-square-denver-co/ke33798/,Julian32 at Highlands Square,"3405 W 32nd Ave, Denver, CO 80211"
513,https://www.apartments.com/mosaic-community-campus-denver-co/jkx9sx5/,Mosaic Community Campus,"7150 Montview Blvd, Denver, CO 80220"
514,https://www.apartments.com/flats-on-29th-denver-co/bpzpxdb/,Flats on 29th,"407-455 29th St, Denver, CO 80205"
515,https://www.apartments.com/duke-duchess-apartments-denver-co/jbxsbh6/,Duke & Duchess Apartments,"1560-1570 S Albion St, Denver, CO 80222"
516,https://www.apartments.com/art-district-lofts-denver-co/nyedy7m/,Art District Lofts,"1275 N Santa Fe Dr, Denver, CO 80204"
517,https://www.apartments.com/grace-apartments-denver-co/fhfjdxs/,Grace Apartments,"8888 E 13th Ave, Denver, CO 80220"
518,https://www.apartments.com/the-stella-denver-co/5mn5yhq/,The Stella,"5190 N Broadway, Denver, CO 80216"
519,https://www.apartments.com/3601-s-huron-st-englewood-co/gg8ts8y/,3601 S Huron St,"3601 S Huron St, Englewood, CO 80110"
520,https://www.apartments.com/parkside-at-lowry-aurora-co/w041bdh/,Parkside at Lowry,"1000 Dayton St, Aurora, CO 80010"
521,https://www.apartments.com/milagros-apartments-denver-co/yyz7wtt/,Milagros Apartments,"215 Bayaud Ave, Denver, CO 80209"
522,https://www.apartments.com/68-sherman-st-denver-co/twwnylb/,68 Sherman St,"68 Sherman St, Denver, CO 80203"
523,https://www.apartments.com/2475-s-vine-st-apts-denver-co/r045cp1/,2475 S Vine St,"2475 S Vine St, Denver, CO 80210"
524,https://www.apartments.com/w-green-meadows-denise-apartments-denver-co/nm79rqq/,W Green Meadows (Denise Apartments),"5661 W Green Meadows Pl, Denver, CO 80227"
525,https://www.apartments.com/the-norman-denver-co/f06sebs/,The Norman,"99 S Downing St, Denver, CO 80209"
526,https://www.apartments.com/the-verse-denver-co/gzptcry/,The Verse,"1120 Logan St, Denver, CO 80203"
527,https://www.apartments.com/south-park-hill-denver-co/e25v6xp/,South Park Hill,"1531 Leyden St, Denver, CO 80220"
528,https://www.apartments.com/1405ra-denver-co/x3r658m/,1405 Race St,"1405 Race St, Denver, CO 80206"
529,https://www.apartments.com/gables-cherry-creek-denver-co/47e7ewh/,Gables Cherry Creek,"360 S Monroe St, Denver, CO 80209"
530,https://www.apartments.com/strata-denver-co/9hrk8x7/,N/A,N/A
531,https://www.apartments.com/flats-at-deboer-park-denver-co/56xj9ym/,Flats at DeBoer Park,"2475 S Gaylord St, Denver, CO 80210"
532,https://www.apartments.com/nuvo-denver-co/fynbjjr/,NUVO,"1211 Vine St, Denver, CO 80206"
533,https://www.apartments.com/30-sherman-st-denver-co/vdgwr5f/,30 Sherman St,"30 Sherman St, Denver, CO 80203"
534,https://www.apartments.com/stone-garden-on-birch-denver-co/prnzqkr/,Stone Garden on Birch,"1150 S Birch St, Denver, CO 80246"
535,https://www.apartments.com/monaco-parkway-apartments-denver-co/2bd3yy8/,Monaco Parkway Apartments,"2050 S Monaco Pky, Denver, CO 80224"
536,https://www.apartments.com/lex-at-lowry-denver-co/1rps1s6/,Lex at Lowry,"240 S Monaco Pky, Denver, CO 80224"
537,https://www.apartments.com/race-street-apartments-denver-co/xn2h5xp/,Race Street Apartments,"2324 S Race St, Denver, CO 80210"
538,https://www.apartments.com/poplar-place-stunning-boutique-apartments-denver-co/j21tbb4/,Poplar Place - Stunning Boutique Apartments,"1401 Poplar St, Denver, CO 80220"
539,https://www.apartments.com/2330-s-university-blvd-denver-co/tsq4jh9/,2330 S University Blvd,"2330 S University Blvd, Denver, CO 80210"
540,https://www.apartments.com/the-arlington-denver-co/yh5l0ps/,The Arlington,"2390 E Asbury Ave, Denver, CO 80210"
541,https://www.apartments.com/deco-apartments-denver-co/mwyf86h/,N/A,N/A
542,https://www.apartments.com/frances-apartments-denver-co/vd026ze/,Frances Apartments,"1379 Saint Paul St, Denver, CO 80206"
543,https://www.apartments.com/karen-jean-apartments-denver-co/9ct6c77/,Karen Jean Apartments,"800 Dexter St, Denver, CO 80220"
544,https://www.apartments.com/highland-junction-denver-co/6lrs1ks/,Highland Junction,"3785 Yates St, Denver, CO 80212"
545,https://www.apartments.com/bo-apartments-denver-co/wkrs4nh/,Bo Apartments,"1225 Colorado Blvd, Denver, CO 80206"
546,https://www.apartments.com/the-capri-apartments-denver-co/6470ezs/,The Capri Apartments,"1250 Colorado Blvd, Denver, CO 80206"
547,https://www.apartments.com/clyburn-at-stapleton-62-housing-denver-co/k33etsc/,Clyburn at Stapleton 62+ Housing,"7401 E 26th Ave, Denver, CO 80238"
548,https://www.apartments.com/1345-monroe-st-denver-co/x22lmrm/,1345 Monroe St,"1345 Monroe St, Denver, CO 80206"
549,https://www.apartments.com/roman-villa-apartments-denver-co/1hbljk5/,Roman Villa Apartments,"1300 Clayton St, Denver, CO 80206"
550,https://www.apartments.com/signalmen-apartments-denver-co/d1szh1k/,Signalmen Apartments,"1259 Newton St, Denver, CO 80204"
551,https://www.apartments.com/the-franklin-roosevelt-apartments-denver-co/y21bdzt/,The Franklin Roosevelt Apartments,"1160-1180 Sherman St, Denver, CO 80203"
552,https://www.apartments.com/25gr-denver-co/l15k6nd/,25 Grant St,"25 Grant St, Denver, CO 80203"
553,https://www.apartments.com/825s-denver-co/s11eps5/,825 S Quebec St,"825 S Quebec St, Denver, CO 80247"
554,https://www.apartments.com/2150fran-denver-co/erjxbsq/,2150fran,"2150-2170 Franklin St, Denver, CO 80205"
555,https://www.apartments.com/lafayette-gardens-denver-co/v2vcr7f/,Lafayette Gardens,"1330 Lafayette St, Denver, CO 80218"
556,https://www.apartments.com/2035-e-18th-ave-denver-co/wjeqejj/,2035 E 18th Ave,"2035 E 18th Ave, Denver, CO 80206"
557,https://www.apartments.com/turntable-studios-denver-co/2c8t059/,Turntable Studios,"1975 Mile High Stadium Cir, Denver, CO 80204"
558,https://www.apartments.com/hampden-village-apartments-denver-co/tpzy809/,Hampden Village Apartments,"3625 S Verbena St, Denver, CO 80237"
559,https://www.apartments.com/del-prado-denver-co/pzxwbgt/,Del Prado,"1510 E 9th Ave, Denver, CO 80218"
560,https://www.apartments.com/proto-denver-co/b5sky49/,Proto,"1255 Osceola St, Denver, CO 80204"
561,https://www.apartments.com/cherry-apartments-denver-co/05k2by1/,Cherry Apartments,"800 Cherry St, Denver, CO 80220"
562,https://www.apartments.com/x-denver-2-denver-co/x9khxkm/,N/A,N/A
563,https://www.apartments.com/windsor-at-broadway-station-denver-co/her5s23/,Windsor at Broadway Station,"1145 S Broadway St, Denver, CO 80210"
564,https://www.apartments.com/large-townhomes-for-rent-denver-co/r4lpz91/,Large Townhomes for Rent!,"351-375 W Vassar Ave, Denver, CO 80223"
565,https://www.apartments.com/avenue-8-at-mayfair-denver-co/1fp8fy5/,Avenue 8 At Mayfair,"5701 E 8th Ave, Denver, CO 80220"
566,https://www.apartments.com/1431-pearl-st-denver-co/2ljg0g8/,1431 Pearl St,"1431 Pearl St, Denver, CO 80203"
567,https://www.apartments.com/twenty-fourth-apartments-denver-co/g7ynn4z/,Twenty-Fourth Apartments,"2400-2426 N High St, Denver, CO 80205"
568,https://www.apartments.com/alloy-sunnyside-denver-co/d6dnt7h/,N/A,N/A
569,https://www.apartments.com/vina-apartments-denver-co/zz8z3nx/,Vina Apartments,"2121 E 48th Ave, Denver, CO 80216"
570,https://www.apartments.com/the-griffin-apartments-denver-co/sw96ms6/,The Griffin Apartments,"2321 S Race St, Denver, CO 80210"
571,https://www.apartments.com/detroit-terraces-denver-co/t8y40m9/,Detroit Terraces,"1530 Detroit St, Denver, CO 80206"
572,https://www.apartments.com/x-at-sloans-denver-co/568m1yn/,X At Sloans,"1516-1552 Xavier St, Denver, CO 80204"
573,https://www.apartments.com/cavalier-club-apartments-denver-co/3qs1rzf/,Cavalier Club Apartments,"6303 W Ithaca Pl, Denver, CO 80235"
574,https://www.apartments.com/albion-court-apartments-denver-co/41q16fh/,Albion Court Apartments,"1175 Albion St, Denver, CO 80220"
575,https://www.apartments.com/loft-style-apartments-for-rent-denver-co/72qfc8x/,Loft Style Apartments for Rent!,"2434 Federal Blvd, Denver, CO 80211"
576,https://www.apartments.com/234-logan-apartments-denver-co/v6t2wvf/,234 Logan Apartments,"234 Logan St, Denver, CO 80203"
577,https://www.apartments.com/south-eliot-st-apartments-denver-co/y5wk10r/,South Eliot St Apartments,"1021-1041 S Eliot St, Denver, CO 80219"
578,https://www.apartments.com/mansard-square-apartments-denver-co/qwlxqtx/,Mansard Square Apartments,"3080 W Iliff Ave, Denver, CO 80219"
579,https://www.apartments.com/maa-milepost-35-denver-co/t1pv619/,N/A,N/A
580,https://www.apartments.com/corona-manor-denver-co/dhbmtnh/,Corona Manor,"1010 Corona St, Denver, CO 80218"
581,https://www.apartments.com/westhaven-senior-apartments-62-denver-co/0ewl1f1/,Westhaven Senior Apartments 62+,"1430 Nelson St, Denver, CO 80215"
582,https://www.apartments.com/sienna-on-sloans-lake-denver-co/cblcm3e/,Sienna on Sloan's Lake,"4015 W 16th Ave, Denver, CO 80204"
583,https://www.apartments.com/lost-creek-apartments-denver-co/kp5ce5b/,Lost Creek Apartments,"3145 W Arkansas Ave, Denver, CO 80219"
584,https://www.apartments.com/leyden-oaks-apartments-denver-co/c0x7xrd/,Leyden Oaks Apartments,"1310 Leyden St, Denver, CO 80220"
585,https://www.apartments.com/3000-huron-denver-co/cbyp0dd/,N/A,N/A
586,https://www.apartments.com/villas-at-gage-point-denver-co/7jf2pdw/,Villas at Gage Point,"8805 E 12th Ave, Denver, CO 80220"
587,https://www.apartments.com/deville-denver-co/qrg7dyw/,Deville,"1020 Logan St, Denver, CO 80203"
588,https://www.apartments.com/arvada-square-east-apartments-arvada-co/15rws27/,Arvada Square East Apartments,"6631 W 51st Ave, Arvada, CO 80002"
589,https://www.apartments.com/2001-fulton-st-aurora-co/v4shg9g/,2001 Fulton St,"2001 Fulton St, Aurora, CO 80010"
590,https://www.apartments.com/reed-park-apartments-lakewood-co/d7e9y3j/,Reed Park Apartments,"1450 S Reed St, Lakewood, CO 80232"
591,https://www.apartments.com/1732-paris-street-aurora-co/yqyrprt/,1732 Paris St,"1732 Paris St, Aurora, CO 80010"
592,https://www.apartments.com/courtyard-at-sloans-lake-lakewood-co/qygm26w/,Courtyard at Sloans Lake,"1890 Fenton St, Lakewood, CO 80214"
593,https://www.apartments.com/stanley-flats-aurora-co/bs1yrwb/,Stanley Flats,"2216-2232 Dayton St, Aurora, CO 80010"
594,https://www.apartments.com/sobo-hill-englewood-co/7btlgxw/,Sobo Hill,"3350 S Grant St, Englewood, CO 80113"
595,https://www.apartments.com/9375-e-17th-ave-aurora-co/syrj6t7/,9375 E 17th Ave,"9375 E 17th Ave, Aurora, CO 80010"
596,https://www.apartments.com/emporia-apartments-aurora-co/b4t2nz8/,Emporia Apartments,"2383 Emporia St, Aurora, CO 80010"
597,https://www.apartments.com/pearl-court-apartments-englewood-co/xzgeexn/,Pearl Court Apartments,"3535 S Pearl St, Englewood, CO 80113"
598,https://www.apartments.com/aurora-hills-aurora-co/c4x519e/,Aurora Hills,"11850 E Maple Ave, Aurora, CO 80012"
599,https://www.apartments.com/the-village-at-hampden-town-center-aurora-co/fkrjtht/,The Village at Hampden Town Center,"3601 S Dallas St, Aurora, CO 80014"
600,https://www.apartments.com/julian-square-apartments-sheridan-co/wpjt8jk/,Julian Square Apartments,"3800 S Julian St, Sheridan, CO 80236"
601,https://www.apartments.com/geneva-apartments-aurora-co/yt8gpwv/,Geneva Apartments,"491 Geneva St, Aurora, CO 80010"
602,https://www.apartments.com/cherrywood-on-7th-avenue-aurora-co/rbg3vh3/,Cherrywood on 7th Avenue,"9700-9790 E 7th Ave, Aurora, CO 80010"
603,https://www.apartments.com/the-meadows-at-dunkirk-apartment-homes-aurora-co/8l207v3/,The Meadows at Dunkirk Apartment Homes,"19300 E 57th Ave, Aurora, CO 80019"
604,javascript:void(0);,"4400 S Quebec St, Denver, CO 80237",N/A
605,javascript:void(0);,"4043 E 4th Ave, Denver, CO 80220",N/A
606,javascript:void(0);,"629 Quitman St, Denver, CO 80204",N/A
607,javascript:void(0);,"3460 W Arkansas Ave, Denver, CO 80219",N/A
608,javascript:void(0);,"3080 Magnolia St, Denver, CO 80207",N/A
609,javascript:void(0);,"18564 E 47th Pl, Denver, CO 80249",N/A
610,javascript:void(0);,"17 Yosemite St Unit B, Denver, CO 80220",N/A
611,javascript:void(0);,"2507 S University Blvd Unit 2507, Denver, CO 80210",N/A
612,javascript:void(0);,"955 Eudora St Unit 104E, Denver, CO 80220",N/A
613,javascript:void(0);,"1225 S Oneida St, Denver, CO 80224",N/A
614,javascript:void(0);,"1020 15th St, Denver, CO 80202",N/A
615,javascript:void(0);,"18592 E 47th Dr, Denver, CO 80249",N/A
616,javascript:void(0);,"7804 E Hampden Cir, Denver, CO 80237",N/A
617,javascript:void(0);,"2001 S Grant St, Denver, CO 80210",N/A
618,javascript:void(0);,"4290 Knox Ct, Denver, CO 80211",N/A
619,javascript:void(0);,"2605 Milwaukee St, Denver, CO 80205",N/A
620,javascript:void(0);,"8824 E Florida Ave, Denver, CO 80247",N/A
621,javascript:void(0);,"2735 S Pierce St, Denver, CO 80227",N/A
622,javascript:void(0);,"1575 N Gaylord St Unit 5, Denver, CO 80206",N/A
623,javascript:void(0);,"1401 Trenton St, Denver, CO 80220",N/A
624,javascript:void(0);,"3211 Zuni St, Denver, CO 80211",N/A
625,javascript:void(0);,"1541 E 25th Ave, Denver, CO 80205",N/A
626,javascript:void(0);,"4568 W Tennessee Ave, Denver, CO 80219",N/A
627,javascript:void(0);,"9310 E Girard Ave, Denver, CO 80231",N/A
628,javascript:void(0);,"4225 Mariposa St, Denver, CO 80211",N/A
629,javascript:void(0);,"175 S Meade St, Denver, CO 80219",N/A
630,javascript:void(0);,"3791 Meade St, Denver, CO 80211",N/A
631,https://www.apartments.com/ivy-crossing-apartments-denver-co/bnj5w78/,N/A,N/A
632,javascript:void(0);,"18945 E 45th Ave, Denver, CO 80249",N/A
633,javascript:void(0);,"2824 W Parkside Pl, Denver, CO 80221",N/A
634,javascript:void(0);,"1874 Irving St, Denver, CO 80204",N/A
635,javascript:void(0);,"1444 Stuart St Unit 1444, Denver, CO 80204",N/A
636,javascript:void(0);,"5112 Chandler Way, Denver, CO 80239",N/A
637,https://www.apartments.com/the-harper-denver-co/1m34916/,N/A,N/A
638,javascript:void(0);,"135 Adams St Unit 409.1403920, Denver, CO 80206",N/A
639,javascript:void(0);,"841 Mariposa St, Denver, CO 80204",N/A
640,javascript:void(0);,"5322 Elkhart St, Denver, CO 80239",N/A
641,javascript:void(0);,"2848 S Grape Way, Denver, CO 80222",N/A
642,javascript:void(0);,"8661 McDougal St, Denver, CO 80229",N/A
643,https://www.apartments.com/cedar-run-denver-co/gxy6sdz/,N/A,N/A
644,javascript:void(0);,"1542 N Frst St Pkwy, Denver, CO 80220",N/A
645,javascript:void(0);,"19189 E 54th Pl, Denver, CO 80249",N/A
646,javascript:void(0);,"5030 Worchester St, Denver, CO 80239",N/A
647,javascript:void(0);,"5564 Auckland Way, Denver, CO 80239",N/A
648,javascript:void(0);,"5187 Lowell Blvd Unit 1, Denver, CO 80221",N/A
649,javascript:void(0);,"1200 N Humboldt St Unit 1503, Denver, CO 80218",N/A
650,javascript:void(0);,"4431 E Jewell Ave, Denver, CO 80222",N/A
651,javascript:void(0);,"5355 Quitman St Unit B, Denver, CO 80212",N/A
652,javascript:void(0);,"5569 Jebel Ct, Denver, CO 80249",N/A
653,javascript:void(0);,"1661 Fenton St, Denver, CO 80214",N/A
654,javascript:void(0);,"8365 E Radcliff Ave, Denver, CO 80237",N/A
655,javascript:void(0);,"3041 W 29th Ave, Denver, CO 80211",N/A
656,javascript:void(0);,"413 Knox Ct, Denver, CO 80204",N/A
657,javascript:void(0);,"1747 N Pearl St Unit 102, Denver, CO 80203",N/A
658,javascript:void(0);,"19519 Randolph Pl, Denver, CO 80249",N/A
659,https://www.apartments.com/sequel-apartments-englewood-co/8sdf6p1/,N/A,N/A
660,javascript:void(0);,"3100 Wyandot St, Denver, CO 80211",N/A
661,javascript:void(0);,"2857 S Zenobia St, Denver, CO 80236",N/A
662,javascript:void(0);,"2161 Wyandot Dr, Denver, CO 80221",N/A
663,javascript:void(0);,"450 S Sherman St, Denver, CO 80209",N/A
664,javascript:void(0);,"1857 W Mosier Pl Unit B, Denver, CO 80223",N/A
665,https://www.apartments.com/claro-at-high-point-aurora-co/hz5zsg2/,N/A,N/A
666,javascript:void(0);,"3951 Vallejo St, Denver, CO 80211",N/A
667,javascript:void(0);,"7551 Granada Rd, Denver, CO 80221",N/A
668,javascript:void(0);,"1901 Wazee St Unit 504, Denver, CO 80202",N/A
669,javascript:void(0);,"4662 N Williams St Unit C, Denver, CO 80216",N/A
670,javascript:void(0);,"2905 W 25th Ave Unit 209, Denver, CO 80211",N/A
671,https://www.apartments.com/hunters-run-denver-co/36dl9ge/,N/A,N/A
672,javascript:void(0);,"1776 Trenton St, Denver, CO 80220",N/A
673,javascript:void(0);,"7986 Joan Dr, Denver, CO 80221",N/A
674,javascript:void(0);,"8700 Galen Ct, Denver, CO 80229",N/A
675,javascript:void(0);,"1063 S Grove St Unit A, Denver, CO 80219",N/A
676,javascript:void(0);,"2710 N Grove St, Denver, CO 80211",N/A
677,javascript:void(0);,"2660 W 40th Ave Unit 1, Denver, CO 80211",N/A
678,javascript:void(0);,"45 W 11th Ave Unit #6, Denver, CO 80204",N/A
679,javascript:void(0);,"942 Lipan St, Denver, CO 80204",N/A
680,javascript:void(0);,"365 E Asbury Ave, Denver, CO 80210",N/A
681,javascript:void(0);,"8443 E 50th Dr, Denver, CO 80238",N/A
682,javascript:void(0);,"4677 Josephine St, Denver, CO 80216",N/A
683,javascript:void(0);,"1535 W 34th Ave Unit 202, Denver, CO 80211",N/A
684,javascript:void(0);,"20000 E Mitchell Pl, Denver, CO 80249",N/A
685,javascript:void(0);,"3420 W 32nd Ave, Denver, CO 80211",N/A
686,javascript:void(0);,"1203 York St Unit 1203 York St., Denver, CO 80206",N/A
687,javascript:void(0);,"1240 E 95th Ave, Denver, CO 80229",N/A
688,javascript:void(0);,"1220 Corona St Unit 4, Denver, CO 80218",N/A
689,javascript:void(0);,"5229 E Thrill Pl, Denver, CO 80207",N/A
690,javascript:void(0);,"1385 W 66th Pl, Denver, CO 80221",N/A
691,javascript:void(0);,"13005 E Elk Pl, Denver, CO 80239",N/A
